id,user,uid,version,changeset,timestamp
15450475,bdiscoe,402624,3,35119225,2015-11-06T07:02:43Z
15456528,bdiscoe,402624,3,39323751,2016-05-15T03:29:23Z
15503366,DaveHansenTiger,7168,1,156357,2007-12-07T11:20:37Z
15503665,Minh Nguyen,33757,5,42017822,2016-09-09T06:09:22Z
15503914,Omnific,1408522,2,46484488,2017-03-01T04:34:31Z
15504152,DaveHansenTiger,7168,1,156357,2007-12-07T11:28:35Z
15504388,DaveHansenTiger,7168,1,156357,2007-12-07T11:30:55Z
15504593,DaveHansenTiger,7168,1,156621,2007-12-07T11:32:39Z
15504848,DaveHansenTiger,7168,1,156621,2007-12-07T11:34:50Z
15505083,DaveHansenTiger,7168,1,156621,2007-12-07T11:37:00Z
15505313,DaveHansenTiger,7168,1,156621,2007-12-07T11:38:32Z
15505529,Omnific,1408522,3,20741316,2014-02-23T21:47:54Z
15505729,hofoen,52797,6,47619516,2017-04-10T11:35:13Z
15505968,Minh Nguyen,33757,4,41995844,2016-09-08T07:16:17Z
15506147,kriscarle,1323363,5,36788063,2016-01-25T03:04:56Z
15506312,bot-mode,451693,2,14414945,2012-12-26T16:56:32Z
15506606,DaveHansenTiger,7168,1,156621,2007-12-07T11:55:43Z
15506878,81firearms,3783613,4,41295391,2016-08-06T23:07:55Z
15507100,DaveHansenTiger,7168,1,156621,2007-12-07T12:02:13Z
15507340,AndrewSnow,371121,2,18222471,2013-10-07T01:44:15Z
15507538,DaveHansenTiger,7168,1,156621,2007-12-07T12:05:58Z
15507720,elkueb,4210803,3,43275097,2016-10-30T00:25:47Z
15507950,DaveHansenTiger,7168,1,156621,2007-12-07T12:09:25Z
15508174,DaveHansenTiger,7168,1,157193,2007-12-07T12:11:09Z
15508408,yurasi,3526564,2,40018461,2016-06-14T14:22:42Z
15508629,Omnific,1408522,2,37451943,2016-02-26T04:01:49Z
15508849,DaveHansenTiger,7168,1,157193,2007-12-07T12:16:36Z
15509101,DaveHansenTiger,7168,1,157193,2007-12-07T12:18:43Z
15509308,DaveHansenTiger,7168,1,157193,2007-12-07T12:20:53Z
15509617,bot-mode,451693,2,14363041,2012-12-22T07:59:23Z
15509886,DaveHansenTiger,7168,1,157193,2007-12-07T12:26:44Z
15510172,bot-mode,451693,2,14501221,2013-01-02T15:21:57Z
15510405,bot-mode,451693,2,14960567,2013-02-08T21:20:11Z
15510641,bot-mode,451693,2,14501221,2013-01-02T15:22:09Z
15510916,25or6to4,37392,7,24992519,2014-08-25T00:39:08Z
15511196,bot-mode,451693,4,14394841,2012-12-24T20:34:09Z
15511444,bot-mode,451693,2,14960567,2013-02-08T21:20:47Z
15514712,DaveHansenTiger,7168,1,157970,2007-12-07T13:37:40Z
15514940,DaveHansenTiger,7168,1,157970,2007-12-07T13:39:43Z
15515122,JR VanOoteghem,170912,2,11524694,2012-05-07T03:03:11Z
15515328,DaveHansenTiger,7168,1,157970,2007-12-07T13:44:03Z
15515524,DaveHansenTiger,7168,1,157970,2007-12-07T13:45:58Z
15515739,DaveHansenTiger,7168,1,157970,2007-12-07T13:48:06Z
15515927,DaveHansenTiger,7168,1,157970,2007-12-07T13:49:47Z
15516134,maxerickson,360392,4,44932854,2017-01-05T19:02:00Z
15516311,DaveHansenTiger,7168,1,157970,2007-12-07T13:52:45Z
15516513,DaveHansenTiger,7168,1,157970,2007-12-07T13:54:09Z
15516714,DaveHansenTiger,7168,1,157970,2007-12-07T13:55:49Z
15516895,bot-mode,451693,2,14960567,2013-02-08T21:28:31Z
15517083,dannykath,2226712,3,31750484,2015-06-05T16:37:29Z
15517316,bot-mode,451693,3,14960567,2013-02-08T21:29:44Z
15517487,dannykath,2226712,2,31750484,2015-06-05T16:37:27Z
15517628,bot-mode,451693,2,14960567,2013-02-08T21:30:39Z
15517810,bot-mode,451693,3,14420136,2012-12-27T00:43:22Z
15517958,bot-mode,451693,2,14960567,2013-02-08T21:31:43Z
15518121,bot-mode,451693,2,14960567,2013-02-08T21:32:21Z
15518294,techlady,104962,4,47762141,2017-04-14T01:50:22Z
15518437,Walleye2013,3208194,9,45518942,2017-01-26T16:25:10Z
15518550,bot-mode,451693,2,14960567,2013-02-08T21:33:41Z
15518663,bot-mode,451693,2,14960567,2013-02-08T21:33:47Z
15518783,DaveHansenTiger,7168,1,158308,2007-12-07T14:25:51Z
15518897,DaveHansenTiger,7168,1,158308,2007-12-07T14:26:58Z
15519014,calfarome,2511706,2,29080136,2015-02-24T22:12:50Z
15519139,DaveHansenTiger,7168,1,158308,2007-12-07T14:28:56Z
15519247,DaveHansenTiger,7168,1,158308,2007-12-07T14:30:05Z
15519368,dannykath,2226712,3,31750484,2015-06-05T16:37:28Z
15519484,DaveHansenTiger,7168,1,158308,2007-12-07T14:31:43Z
15519595,DaveHansenTiger,7168,1,158308,2007-12-07T14:32:28Z
15519704,DaveHansenTiger,7168,1,158308,2007-12-07T14:33:33Z
15519826,DaveHansenTiger,7168,1,158308,2007-12-07T14:34:45Z
15519946,bot-mode,451693,4,14960567,2013-02-08T21:35:21Z
15520076,bot-mode,451693,2,14960567,2013-02-08T21:35:37Z
15520199,DaveHansenTiger,7168,1,158308,2007-12-07T14:40:12Z
15520306,bot-mode,451693,2,14418470,2012-12-26T21:39:12Z
15520428,Minh Nguyen,33757,3,22557041,2014-05-26T07:22:37Z
15520547,SimonPoole,92387,9,43807701,2016-11-19T19:13:57Z
15520678,bot-mode,451693,2,14960567,2013-02-08T21:36:52Z
15520818,DaveHansenTiger,7168,1,158632,2007-12-07T14:47:08Z
15520964,DaveHansenTiger,7168,1,158632,2007-12-07T14:48:18Z
15521116,bot-mode,451693,3,14960567,2013-02-08T21:37:21Z
15521249,bot-mode,451693,2,14960567,2013-02-08T21:37:37Z
15521372,DaveHansenTiger,7168,1,158632,2007-12-07T14:52:41Z
15521550,bot-mode,451693,2,14960567,2013-02-08T21:37:52Z
15521715,bot-mode,451693,2,14960567,2013-02-08T21:38:03Z
15521868,DaveHansenTiger,7168,1,158632,2007-12-07T14:56:20Z
15522023,DaveHansenTiger,7168,1,158632,2007-12-07T14:57:58Z
15522225,DaveHansenTiger,7168,1,158632,2007-12-07T14:59:20Z
15522376,bot-mode,451693,2,14961012,2013-02-08T21:38:30Z
15522490,bot-mode,451693,2,14961012,2013-02-08T21:38:47Z
15522635,bot-mode,451693,2,14961012,2013-02-08T21:39:01Z
15522748,bot-mode,451693,2,14961012,2013-02-08T21:39:18Z
15522869,oldtopos,169004,2,13314494,2012-09-30T19:43:51Z
15523036,DaveHansenTiger,7168,1,158632,2007-12-07T15:08:22Z
15523370,Omnific,1408522,3,20172578,2014-01-24T07:45:02Z
15523961,bot-mode,451693,2,14961012,2013-02-08T21:40:17Z
15524455,DaveHansenTiger,7168,1,158632,2007-12-07T15:17:40Z
15524743,DaveHansenTiger,7168,1,159000,2007-12-07T15:20:10Z
15524939,DaveHansenTiger,7168,1,159000,2007-12-07T15:22:04Z
15525118,DaveHansenTiger,7168,1,159000,2007-12-07T15:23:53Z
15525354,DaveHansenTiger,7168,1,159000,2007-12-07T15:25:58Z
15525611,DaveHansenTiger,7168,1,159000,2007-12-07T15:28:17Z
15525793,beweta,152074,2,53424669,2017-11-01T13:50:12Z
15525922,DaveHansenTiger,7168,1,159000,2007-12-07T15:31:05Z
15526053,DaveHansenTiger,7168,1,159000,2007-12-07T15:31:53Z
15526189,DaveHansenTiger,7168,1,159000,2007-12-07T15:32:39Z
15526372,maxerickson,360392,2,44926342,2017-01-05T14:36:27Z
15526495,DaveHansenTiger,7168,1,159000,2007-12-07T15:34:41Z
15526654,DaveHansenTiger,7168,1,159000,2007-12-07T15:35:49Z
15526824,elkueb,4210803,2,45143824,2017-01-13T19:26:36Z
15526962,DaveHansenTiger,7168,1,159000,2007-12-07T15:37:34Z
15527086,DaveHansenTiger,7168,1,159000,2007-12-07T15:38:51Z
15527222,DaveHansenTiger,7168,1,159000,2007-12-07T15:39:50Z
15527379,DaveHansenTiger,7168,1,159000,2007-12-07T15:41:18Z
15527539,DaveHansenTiger,7168,1,159000,2007-12-07T15:42:59Z
15527672,DaveHansenTiger,7168,1,159000,2007-12-07T15:44:01Z
15527808,DaveHansenTiger,7168,1,159000,2007-12-07T15:44:53Z
15527975,DaveHansenTiger,7168,1,159000,2007-12-07T15:46:04Z
15528115,DaveHansenTiger,7168,1,159000,2007-12-07T15:47:09Z
15528263,DaveHansenTiger,7168,1,159000,2007-12-07T15:48:08Z
15528395,DaveHansenTiger,7168,1,159000,2007-12-07T15:49:11Z
15528529,DaveHansenTiger,7168,1,159000,2007-12-07T15:50:05Z
15528662,jonesydesign,1802220,2,21197206,2014-03-19T18:28:59Z
15528816,oldtopos,169004,2,13058365,2012-09-10T15:30:09Z
15528950,bot-mode,451693,2,14390061,2012-12-24T13:07:00Z
15529274,bot-mode,451693,2,14961012,2013-02-08T21:41:17Z
15529685,Pnrrth,1012362,10,28596633,2015-02-03T19:30:11Z
15530050,abel801,2377377,4,29076744,2015-02-24T19:58:57Z
15530363,bot-mode,451693,2,14961012,2013-02-08T21:42:04Z
15530687,Omnific,1408522,3,21352977,2014-03-27T20:54:48Z
15531050,hobbesvsboyle,4697,3,21382995,2014-03-29T13:35:36Z
15531318,Theodin,1219875,2,21158211,2014-03-17T16:46:22Z
15531631,bot-mode,451693,2,14961012,2013-02-08T21:43:10Z
15531884,DaveHansenTiger,7168,1,159304,2007-12-07T16:19:41Z
15532105,DaveHansenTiger,7168,1,159304,2007-12-07T16:21:47Z
15532364,DaveHansenTiger,7168,1,159304,2007-12-07T16:24:28Z
15532552,bot-mode,451693,3,14427704,2012-12-27T16:40:14Z
15532685,bot-mode,451693,2,14459624,2012-12-30T04:43:26Z
15532848,bot-mode,451693,2,14961012,2013-02-08T21:45:24Z
15532972,calfarome,2511706,2,38392040,2016-04-07T20:47:25Z
15533138,Kirbert,2077000,3,25554238,2014-09-20T07:29:11Z
15533270,DaveHansenTiger,7168,1,159657,2007-12-07T16:33:12Z
15533425,DaveHansenTiger,7168,1,159657,2007-12-07T16:34:31Z
15533554,DaveHansenTiger,7168,1,159657,2007-12-07T16:35:41Z
15533679,DaveHansenTiger,7168,1,159657,2007-12-07T16:36:36Z
15533803,sandhill,1694880,3,41176027,2016-08-01T19:42:06Z
15533934,DaveHansenTiger,7168,1,159657,2007-12-07T16:39:18Z
15534073,bot-mode,451693,2,14961012,2013-02-08T21:46:29Z
15534191,DaveHansenTiger,7168,1,159657,2007-12-07T16:41:45Z
15534337,DaveHansenTiger,7168,1,159657,2007-12-07T16:42:56Z
15534676,DaveHansenTiger,7168,1,159657,2007-12-07T16:45:17Z
15535028,DaveHansenTiger,7168,1,159657,2007-12-07T16:47:31Z
15535355,Omnific,1408522,3,45868580,2017-02-06T22:10:26Z
15535675,DaveHansenTiger,7168,1,159657,2007-12-07T16:51:37Z
15535989,DaveHansenTiger,7168,1,159657,2007-12-07T16:53:20Z
15536364,DaveHansenTiger,7168,1,159657,2007-12-07T16:55:28Z
15536719,Taroc,71557,2,22387581,2014-05-17T11:51:04Z
15537021,DaveHansenTiger,7168,1,159657,2007-12-07T16:58:57Z
15537391,DaveHansenTiger,7168,1,159657,2007-12-07T17:00:57Z
15537729,DaveHansenTiger,7168,1,159657,2007-12-07T17:02:24Z
15538171,DaveHansenTiger,7168,1,159657,2007-12-07T17:04:25Z
15538493,DaveHansenTiger,7168,1,160047,2007-12-07T17:05:39Z
15538803,DaveHansenTiger,7168,1,160047,2007-12-07T17:07:01Z
15539138,DaveHansenTiger,7168,1,160047,2007-12-07T17:08:49Z
15539472,DaveHansenTiger,7168,1,160047,2007-12-07T17:10:09Z
15539790,Spanholz,2209894,3,45089152,2017-01-11T22:19:10Z
15540202,dufekin,30521,7,33042819,2015-08-02T07:32:33Z
15540627,Evanator,451067,3,23401297,2014-06-30T21:58:09Z
15540856,DaveHansenTiger,7168,1,160047,2007-12-07T17:20:01Z
15541131,bot-mode,451693,2,14961012,2013-02-08T21:48:24Z
15541419,Omnific,1408522,3,20132061,2014-01-21T22:56:45Z
15541651,bot-mode,451693,3,14481833,2012-12-31T20:17:44Z
15541930,bot-mode,451693,2,14961012,2013-02-08T21:49:41Z
15542220,bot-mode,451693,2,14961012,2013-02-08T21:50:11Z
15542490,bot-mode,451693,2,14961012,2013-02-08T21:50:40Z
15542754,bot-mode,451693,2,14437921,2012-12-28T12:33:25Z
15543009,DavidYJackson,1979756,4,25459660,2014-09-15T16:19:53Z
15543254,Omnific,1408522,2,46779547,2017-03-12T08:17:30Z
15543461,DaveHansenTiger,7168,1,160398,2007-12-07T17:41:01Z
15549724,maxerickson,360392,3,20168006,2014-01-23T21:34:07Z
15550241,DaveHansenTiger,7168,1,160656,2007-12-07T18:34:52Z
15550703,DaveHansenTiger,7168,1,160656,2007-12-07T18:37:04Z
15551281,DaveHansenTiger,7168,1,160656,2007-12-07T18:39:58Z
15551753,DaveHansenTiger,7168,1,160656,2007-12-07T18:42:12Z
15552278,DaveHansenTiger,7168,1,160656,2007-12-07T18:44:18Z
15552783,DaveHansenTiger,7168,1,160656,2007-12-07T18:46:44Z
15553303,Omnific,1408522,2,20170996,2014-01-24T03:44:13Z
15553684,DaveHansenTiger,7168,1,160656,2007-12-07T18:51:10Z
15554026,Luis36995,1829683,3,38392665,2016-04-07T21:19:16Z
15554268,DaveHansenTiger,7168,1,161384,2007-12-07T18:56:29Z
15554569,Richard,165,3,44820639,2017-01-01T11:25:12Z
15554940,Omnific,1408522,8,36544544,2016-01-13T08:25:11Z
15555321,bot-mode,451693,2,14961012,2013-02-08T21:57:58Z
15555712,calfarome,2511706,4,28800927,2015-02-12T17:47:54Z
15556044,Richard,165,3,44820639,2017-01-01T11:25:24Z
15556354,calfarome,2511706,4,31732327,2015-06-04T21:48:44Z
15556672,bot-mode,451693,2,14391941,2012-12-24T15:46:48Z
15558626,SK53,84681,2,5271861,2010-07-20T15:55:46Z
15558948,DaveHansenTiger,7168,1,161384,2007-12-07T19:27:45Z
15559322,DaveHansenTiger,7168,1,161384,2007-12-07T19:29:47Z
15559668,DaveHansenTiger,7168,1,161384,2007-12-07T19:31:48Z
15560080,DaveHansenTiger,7168,1,161384,2007-12-07T19:33:43Z
15560593,DaveHansenTiger,7168,1,161691,2007-12-07T19:36:07Z
15561015,Cato_d_Ae,1679807,7,22815246,2014-06-08T18:28:13Z
15561346,DaveHansenTiger,7168,1,161691,2007-12-07T19:39:50Z
15561671,egore911,8764,2,16116207,2013-05-13T20:04:35Z
15562057,DaveHansenTiger,7168,1,161691,2007-12-07T19:43:32Z
15562380,DaveHansenTiger,7168,1,161691,2007-12-07T19:45:16Z
15562718,AndrewSnow,371121,2,30226328,2015-04-15T02:19:52Z
15563145,DaveHansenTiger,7168,1,161691,2007-12-07T19:49:26Z
15563516,DaveHansenTiger,7168,1,161691,2007-12-07T19:51:09Z
15563896,oldtopos,169004,2,13119406,2012-09-15T15:35:35Z
15564269,DaveHansenTiger,7168,1,161691,2007-12-07T19:55:13Z
15564622,DaveHansenTiger,7168,1,161691,2007-12-07T19:57:03Z
15565012,DaveHansenTiger,7168,1,161691,2007-12-07T19:58:58Z
15565286,AndrewSnow,371121,3,29914591,2015-04-01T20:26:17Z
15565510,DaveHansenTiger,7168,1,161691,2007-12-07T20:01:32Z
15565739,Spanholz,2209894,3,45056906,2017-01-10T17:42:37Z
15565965,DaveHansenTiger,7168,1,161691,2007-12-07T20:03:35Z
15566202,DaveHansenTiger,7168,1,161691,2007-12-07T20:04:56Z
15566431,DaveHansenTiger,7168,1,161691,2007-12-07T20:06:02Z
15566674,DaveHansenTiger,7168,1,161691,2007-12-07T20:07:22Z
15566877,DaveHansenTiger,7168,1,161691,2007-12-07T20:08:29Z
15567145,DaveHansenTiger,7168,1,161691,2007-12-07T20:10:08Z
15567336,DaveHansenTiger,7168,1,161691,2007-12-07T20:11:03Z
15567508,AndrewSnow,371121,4,18444226,2013-10-20T03:02:34Z
15567671,DaveHansenTiger,7168,1,162091,2007-12-07T20:13:08Z
15567858,DaveHansenTiger,7168,1,162091,2007-12-07T20:14:29Z
15568020,Richard,165,3,39948197,2016-06-11T08:42:51Z
15568144,calfarome,2511706,3,28332047,2015-01-22T17:34:44Z
15568300,AndrewSnow,371121,4,18258404,2013-10-09T05:04:27Z
15568431,AndrewSnow,371121,3,30202958,2015-04-14T03:14:08Z
15568573,Omnific,1408522,8,34768402,2015-10-21T02:21:39Z
15568716,bot-mode,451693,2,14961012,2013-02-08T22:07:02Z
15568870,bot-mode,451693,2,14961012,2013-02-08T22:07:14Z
15569011,Omnific,1408522,5,29942410,2015-04-03T03:13:02Z
15569169,bot-mode,451693,2,14961012,2013-02-08T22:07:53Z
15569318,wvdp,436419,5,20705734,2014-02-22T01:30:28Z
15569483,Omnific,1408522,6,34790572,2015-10-22T01:20:16Z
15569628,Omnific,1408522,6,37426287,2016-02-25T02:16:30Z
15569773,Spanholz,2209894,3,45047554,2017-01-10T10:50:13Z
15569979,map93,5492566,19,48930655,2017-05-23T22:59:48Z
15570125,DaveHansenTiger,7168,1,162091,2007-12-07T20:33:51Z
15570254,Richard,165,2,39948197,2016-06-11T08:42:52Z
15570380,DaveHansenTiger,7168,1,162091,2007-12-07T20:35:29Z
15570497,DaveHansenTiger,7168,1,162091,2007-12-07T20:36:14Z
15570625,DaveHansenTiger,7168,1,162091,2007-12-07T20:37:05Z
15570768,bot-mode,451693,2,14464139,2012-12-30T14:08:55Z
15570890,bot-mode,451693,2,14961012,2013-02-08T22:09:50Z
15571057,DaveHansenTiger,7168,1,162091,2007-12-07T20:39:48Z
15571192,bot-mode,451693,3,14496417,2013-01-02T09:07:57Z
15571334,DaveHansenTiger,7168,1,162091,2007-12-07T20:41:52Z
15571447,bot-mode,451693,2,14961012,2013-02-08T22:10:24Z
15571568,egore911,8764,3,16087432,2013-05-11T22:26:42Z
15571691,bot-mode,451693,2,14961012,2013-02-08T22:10:40Z
15571819,Timothy Smith,115918,3,29036834,2015-02-23T06:07:16Z
15571947,DaveHansenTiger,7168,1,162091,2007-12-07T20:45:31Z
15572065,bot-mode,451693,2,14496417,2013-01-02T09:08:08Z
15572194,DaveHansenTiger,7168,1,162091,2007-12-07T20:46:51Z
15572328,abel801,2377377,5,33548554,2015-08-24T14:37:18Z
15572467,Spanholz,2209894,4,45046800,2017-01-10T10:02:54Z
15572606,DaveHansenTiger,7168,1,162461,2007-12-07T20:49:21Z
15572743,tyos,53050,2,22547416,2014-05-25T17:37:15Z
15572864,DaveHansenTiger,7168,1,162461,2007-12-07T20:50:47Z
15572983,bot-mode,451693,2,14961012,2013-02-08T22:11:45Z
15573111,DaveHansenTiger,7168,1,162461,2007-12-07T20:51:54Z
15573230,bot-mode,451693,2,14961012,2013-02-08T22:12:01Z
15573356,Timothy Smith,115918,3,29036995,2015-02-23T06:18:09Z
15573489,DaveHansenTiger,7168,1,162461,2007-12-07T20:53:54Z
15573619,elkueb,4210803,9,44968320,2017-01-06T22:15:12Z
15573749,Omnific,1408522,3,35180018,2015-11-08T21:59:55Z
15573880,bot-mode,451693,2,14961012,2013-02-08T22:12:50Z
15574002,bot-mode,451693,2,14961012,2013-02-08T22:12:57Z
15574127,AndrewSnow,371121,3,30226328,2015-04-15T02:19:35Z
15574241,bot-mode,451693,2,14373808,2012-12-23T05:31:59Z
15574354,bot-mode,451693,2,14961012,2013-02-08T22:13:28Z
15574476,bot-mode,451693,2,14961012,2013-02-08T22:13:42Z
15574589,Omnific,1408522,4,35231230,2015-11-11T03:19:12Z
15574711,maxerickson,360392,3,24961541,2014-08-23T18:04:44Z
15574825,bot-mode,451693,2,14961012,2013-02-08T22:14:23Z
15574948,AndrewSnow,371121,3,29280531,2015-03-06T01:45:28Z
15575067,bot-mode,451693,2,14374873,2012-12-23T08:22:34Z
15575201,dchiles,153669,3,21268589,2014-03-23T17:11:07Z
15575327,Omnific,1408522,3,20737758,2014-02-23T18:48:56Z
15575460,RichRico,2219338,3,32473532,2015-07-07T14:44:08Z
15575580,bot-mode,451693,2,14961012,2013-02-08T22:15:35Z
15575692,Minh Nguyen,33757,3,42019889,2016-09-09T09:33:22Z
15575814,maxerickson,360392,5,44942264,2017-01-06T03:08:08Z
15575939,tiger_wv,1963454,4,20875485,2014-03-02T22:02:55Z
15576063,abel801,2377377,4,33442601,2015-08-19T15:33:21Z
15576189,bot-mode,451693,2,14496417,2013-01-02T09:09:42Z
15576334,DaveHansenTiger,7168,1,162461,2007-12-07T21:17:16Z
15576475,DaveHansenTiger,7168,1,162461,2007-12-07T21:17:55Z
15576647,bot-mode,451693,3,14961398,2013-02-08T22:16:58Z
15576791,MBlakeSr,304269,2,8157506,2011-05-15T22:25:28Z
15576945,RichRico,2219338,9,33424240,2015-08-18T19:31:27Z
15577103,DaveHansenTiger,7168,1,162461,2007-12-07T21:22:07Z
15577253,DaveHansenTiger,7168,1,162461,2007-12-07T21:23:00Z
15577417,EmlynSquare,158204,2,13800627,2012-11-08T18:43:49Z
15577589,DaveHansenTiger,7168,1,162940,2007-12-07T21:25:09Z
15577735,bot-mode,451693,2,14961398,2013-02-08T22:17:56Z
15577895,Omnific,1408522,4,29882067,2015-03-31T16:48:56Z
15578058,kriscarle,1323363,4,36752122,2016-01-23T04:22:57Z
15578208,DaveHansenTiger,7168,1,162940,2007-12-07T21:29:55Z
15578345,Minh Nguyen,33757,4,42019889,2016-09-09T09:33:24Z
15578489,rickth,1872566,2,51445049,2017-08-25T20:50:02Z
15578633,DaveHansenTiger,7168,1,162940,2007-12-07T21:32:40Z
15578803,AndrewSnow,371121,4,23070607,2014-06-21T21:07:20Z
15578963,bot-mode,451693,2,14961398,2013-02-08T22:19:04Z
15579140,RichRico,2219338,2,29410427,2015-03-11T17:23:26Z
15579293,elkueb,4210803,2,45403962,2017-01-23T16:07:04Z
15579447,Spanholz,2209894,3,45047554,2017-01-10T10:50:13Z
15579605,DaveHansenTiger,7168,1,162940,2007-12-07T21:38:33Z
15579765,DaveHansenTiger,7168,1,162940,2007-12-07T21:40:16Z
15579945,DaveHansenTiger,7168,1,162940,2007-12-07T21:41:56Z
15580136,DaveHansenTiger,7168,1,162940,2007-12-07T21:43:35Z
15580292,elkueb,4210803,3,45403962,2017-01-23T16:07:06Z
15580437,DaveHansenTiger,7168,1,162940,2007-12-07T21:45:59Z
15580614,DaveHansenTiger,7168,1,162940,2007-12-07T21:46:49Z
15580772,homeslice60148,365944,5,43955685,2016-11-25T23:47:28Z
15581005,DaveHansenTiger,7168,1,162940,2007-12-07T21:48:46Z
15581207,MikeN,135163,3,45166820,2017-01-14T18:25:17Z
15581383,DaveHansenTiger,7168,1,162940,2007-12-07T21:52:03Z
15581585,Omnific,1408522,3,20004495,2014-01-15T01:09:56Z
15581721,bot-mode,451693,2,14406273,2012-12-25T22:51:17Z
15581873,bot-mode,451693,2,14406273,2012-12-25T22:51:21Z
15581996,Omnific,1408522,4,20004495,2014-01-15T01:09:57Z
15582123,DaveHansenTiger,7168,1,162940,2007-12-07T21:57:57Z
15582251,DaveHansenTiger,7168,1,162940,2007-12-07T21:58:47Z
15582428,bot-mode,451693,2,14961398,2013-02-08T22:20:14Z
15582552,DaveHansenTiger,7168,1,162940,2007-12-07T22:01:13Z
15582698,bot-mode,451693,2,14518559,2013-01-03T21:12:14Z
15582814,DaveHansenTiger,7168,1,162940,2007-12-07T22:02:41Z
15582943,Omnific,1408522,3,20204782,2014-01-26T05:20:48Z
15583068,DaveHansenTiger,7168,1,162940,2007-12-07T22:04:03Z
15583193,Omnific,1408522,2,46485610,2017-03-01T06:20:56Z
15583314,DaveHansenTiger,7168,1,162940,2007-12-07T22:05:44Z
15583501,DaveHansenTiger,7168,1,162940,2007-12-07T22:06:55Z
15583705,Omnific,1408522,3,20204782,2014-01-26T05:20:47Z
15583867,bot-mode,451693,2,14961398,2013-02-08T22:20:57Z
15584001,elkueb,4210803,3,45403962,2017-01-23T16:07:13Z
15584121,bot-mode,451693,3,14406273,2012-12-25T22:51:56Z
15584273,DaveHansenTiger,7168,1,163501,2007-12-07T22:11:38Z
15584640,DaveHansenTiger,7168,1,163501,2007-12-07T22:14:11Z
15585070,bdiscoe,402624,3,21355734,2014-03-28T00:04:06Z
15585490,MikeN,135163,3,44148996,2016-12-04T00:51:19Z
15585891,bot-mode,451693,2,14521181,2013-01-04T01:31:29Z
15586240,MikeN,135163,4,22705082,2014-06-03T00:35:04Z
15586785,maxerickson,360392,5,44908513,2017-01-04T20:47:01Z
15587168,Omnific,1408522,3,20223083,2014-01-27T05:58:25Z
15587565,NE2,207745,3,12002387,2012-06-24T16:54:42Z
15591957,DaveHansenTiger,7168,1,163884,2007-12-07T23:08:11Z
15592216,DaveHansenTiger,7168,1,163884,2007-12-07T23:10:28Z
15592496,DaveHansenTiger,7168,1,163884,2007-12-07T23:12:27Z
15592700,Hartmut Holzgraefe,12448,2,4126490,2010-03-14T16:36:01Z
15592925,DaveHansenTiger,7168,1,163884,2007-12-07T23:16:08Z
15593051,DaveHansenTiger,7168,1,163884,2007-12-07T23:17:13Z
15593188,DaveHansenTiger,7168,1,163884,2007-12-07T23:17:57Z
15593329,DaveHansenTiger,7168,1,163884,2007-12-07T23:18:48Z
15593468,DaveHansenTiger,7168,1,163884,2007-12-07T23:19:43Z
15593603,DaveHansenTiger,7168,1,163884,2007-12-07T23:20:37Z
15593718,DaveHansenTiger,7168,1,163884,2007-12-07T23:21:17Z
15593857,DaveHansenTiger,7168,1,163884,2007-12-07T23:22:01Z
15593986,DaveHansenTiger,7168,1,163884,2007-12-07T23:22:33Z
15594114,RichRico,2219338,2,28728126,2015-02-09T14:00:32Z
15594259,DaveHansenTiger,7168,1,163884,2007-12-07T23:24:13Z
15594387,DaveHansenTiger,7168,1,163884,2007-12-07T23:24:58Z
15594519,DaveHansenTiger,7168,1,163884,2007-12-07T23:25:44Z
15594658,DaveHansenTiger,7168,1,163884,2007-12-07T23:26:37Z
15594773,MikeN,135163,3,47902707,2017-04-18T11:26:04Z
15594910,DaveHansenTiger,7168,1,163884,2007-12-07T23:27:53Z
15595041,DaveHansenTiger,7168,1,163884,2007-12-07T23:28:30Z
15595187,bot-mode,451693,2,14961398,2013-02-08T22:29:39Z
15595313,Omnific,1408522,3,20172480,2014-01-24T07:36:22Z
15595435,Maskulinum,618377,2,22153136,2014-05-05T19:24:28Z
15595558,bot-mode,451693,2,14961398,2013-02-08T22:29:49Z
15595676,DaveHansenTiger,7168,1,175107,2007-12-07T23:32:18Z
15595793,DaveHansenTiger,7168,1,175107,2007-12-07T23:32:55Z
15595909,DaveHansenTiger,7168,1,175107,2007-12-07T23:33:36Z
15596020,StellanL,28775,3,22899241,2014-06-13T00:02:03Z
15596127,DaveHansenTiger,7168,1,175107,2007-12-07T23:35:15Z
15596243,Omnific,1408522,2,20134219,2014-01-22T02:08:27Z
15596369,DaveHansenTiger,7168,1,175107,2007-12-07T23:36:39Z
15596480,DaveHansenTiger,7168,1,175107,2007-12-07T23:37:17Z
15596607,DaveHansenTiger,7168,1,175107,2007-12-07T23:37:57Z
15596732,bot-mode,451693,2,14961925,2013-02-08T23:30:29Z
15596853,DaveHansenTiger,7168,1,175107,2007-12-07T23:39:13Z
15596987,DaveHansenTiger,7168,1,175107,2007-12-07T23:40:09Z
15597105,DaveHansenTiger,7168,1,175107,2007-12-07T23:40:44Z
15597220,ramyaragupathy,2823295,3,32820759,2015-07-23T09:41:33Z
15597345,DaveHansenTiger,7168,1,175107,2007-12-07T23:42:08Z
15597478,DaveHansenTiger,7168,1,175107,2007-12-07T23:42:57Z
15597594,Minh Nguyen,33757,3,29420816,2015-03-12T07:40:07Z
15597712,maxerickson,360392,2,44888042,2017-01-04T02:41:45Z
15597840,DaveHansenTiger,7168,1,175107,2007-12-07T23:44:56Z
15597958,DaveHansenTiger,7168,1,175107,2007-12-07T23:45:27Z
15598072,DaveHansenTiger,7168,1,175107,2007-12-07T23:46:04Z
15598184,DaveHansenTiger,7168,1,175107,2007-12-07T23:46:42Z
15598295,DaveHansenTiger,7168,1,175107,2007-12-07T23:47:25Z
15598413,DaveHansenTiger,7168,1,175107,2007-12-07T23:48:00Z
15598523,DaveHansenTiger,7168,1,175107,2007-12-07T23:48:52Z
15598629,dchiles,153669,3,27596534,2014-12-20T20:36:42Z
15598777,Omnific,1408522,4,20134437,2014-01-22T02:36:45Z
15599049,bot-mode,451693,2,14361656,2012-12-22T02:30:45Z
15599313,bot-mode,451693,2,14961925,2013-02-08T23:32:20Z
15599580,bot-mode,451693,2,14961925,2013-02-08T23:32:33Z
15599868,dchiles,153669,4,41679392,2016-08-25T06:03:54Z
15600371,dchiles,153669,3,41679392,2016-08-25T06:03:55Z
15600628,CyrusDreams,45439,2,14027292,2012-11-25T12:05:44Z
15600881,bot-mode,451693,2,14360370,2012-12-21T22:47:07Z
15601167,bot-mode,451693,2,14961925,2013-02-08T23:33:22Z
15601466,bot-mode,451693,2,14385204,2012-12-24T01:50:13Z
15601754,user_5359,5359,2,50041099,2017-07-04T18:27:09Z
15602029,bot-mode,451693,2,14961925,2013-02-08T23:33:47Z
15602346,linuxUser16,1219059,3,17187129,2013-08-02T03:17:48Z
15602589,bot-mode,451693,2,14961925,2013-02-08T23:34:08Z
15602792,ToeBee,262151,5,14817121,2013-01-28T04:06:08Z
15602973,bot-mode,451693,2,14961925,2013-02-08T23:34:46Z
15603214,bot-mode,451693,2,14360370,2012-12-21T22:47:45Z
15603438,dchiles,153669,3,41679249,2016-08-25T05:52:52Z
15603670,bot-mode,451693,2,14961925,2013-02-08T23:35:43Z
15603881,bot-mode,451693,2,14500034,2013-01-02T13:50:17Z
15604098,CyrusDreams,45439,2,14027292,2012-11-25T12:05:44Z
15604361,rickmastfan67,252811,2,11832078,2012-06-08T06:32:08Z
15604564,samely,2512300,5,33442216,2015-08-19T15:15:52Z
15604774,DaveHansenTiger,7168,1,175345,2007-12-08T00:51:24Z
15605027,Minh Nguyen,33757,2,41584310,2016-08-20T22:53:17Z
15605484,DaveHansenTiger,7168,1,175345,2007-12-08T00:56:18Z
15606001,DaveHansenTiger,7168,1,175345,2007-12-08T00:59:08Z
15606439,rza31,2137840,2,36421987,2016-01-07T11:30:00Z
15606828,DaveHansenTiger,7168,1,175345,2007-12-08T01:03:19Z
15607190,DaveHansenTiger,7168,1,175345,2007-12-08T01:05:06Z
15607660,DaveHansenTiger,7168,1,175345,2007-12-08T01:06:57Z
15608052,DaveHansenTiger,7168,1,175650,2007-12-08T01:08:34Z
15608474,AndrewSnow,371121,4,30861557,2015-05-07T05:35:41Z
15609050,bot-mode,451693,2,14374487,2012-12-23T07:30:35Z
15609354,DaveHansenTiger,7168,1,175650,2007-12-08T01:16:36Z
15609683,NE2,207745,7,9992978,2011-11-29T22:00:29Z
15609958,bot-mode,451693,2,14385916,2012-12-24T04:28:05Z
15610527,ediyes,1240849,3,24314151,2014-07-23T15:35:11Z
15610742,DaveHansenTiger,7168,1,175650,2007-12-08T01:27:19Z
15610903,Korzun,1424765,2,21408625,2014-03-30T20:56:43Z
15611113,DaveHansenTiger,7168,1,175650,2007-12-08T01:29:33Z
15611321,DaveHansenTiger,7168,1,175650,2007-12-08T01:31:01Z
15611574,DaveHansenTiger,7168,1,175650,2007-12-08T01:32:42Z
15611793,DaveHansenTiger,7168,1,175650,2007-12-08T01:34:21Z
15612038,DaveHansenTiger,7168,1,175650,2007-12-08T01:36:11Z
15612260,DaveHansenTiger,7168,1,175650,2007-12-08T01:37:31Z
15612462,DaveHansenTiger,7168,1,175650,2007-12-08T01:38:35Z
15612692,DaveHansenTiger,7168,1,175650,2007-12-08T01:39:43Z
15612919,DaveHansenTiger,7168,1,175650,2007-12-08T01:41:12Z
15613136,DaveHansenTiger,7168,1,175650,2007-12-08T01:42:17Z
15613370,bot-mode,451693,2,14961925,2013-02-08T23:42:59Z
15613656,Omnific,1408522,3,20132623,2014-01-21T23:34:06Z
15614069,bot-mode,451693,3,14961925,2013-02-08T23:44:04Z
15614424,bot-mode,451693,2,14397802,2012-12-25T04:57:43Z
15614783,Omnific,1408522,5,20132888,2014-01-21T23:59:16Z
15615096,Korzun,1424765,3,21408625,2014-03-30T20:56:42Z
15615581,bot-mode,451693,2,14961925,2013-02-08T23:44:56Z
15616028,DaveHansenTiger,7168,1,175897,2007-12-08T02:02:08Z
15616456,DaveHansenTiger,7168,1,175897,2007-12-08T02:04:40Z
15616758,AndrewSnow,371121,2,23070607,2014-06-21T21:07:17Z
15617075,DaveHansenTiger,7168,1,175897,2007-12-08T02:08:45Z
15617408,DaveHansenTiger,7168,1,175897,2007-12-08T02:11:14Z
15617721,elkueb,4210803,2,45039606,2017-01-09T23:27:15Z
15618033,DaveHansenTiger,7168,1,175897,2007-12-08T02:15:09Z
15618335,DaveHansenTiger,7168,1,175897,2007-12-08T02:17:10Z
15618597,DaveHansenTiger,7168,1,175897,2007-12-08T02:18:50Z
15618947,DaveHansenTiger,7168,1,176131,2007-12-08T02:20:41Z
15619293,DaveHansenTiger,7168,1,176131,2007-12-08T02:22:16Z
15619592,DaveHansenTiger,7168,1,176131,2007-12-08T02:23:38Z
15619801,DaveHansenTiger,7168,1,176131,2007-12-08T02:24:50Z
15620107,DaveHansenTiger,7168,1,176131,2007-12-08T02:26:51Z
15620403,DaveHansenTiger,7168,1,176131,2007-12-08T02:28:40Z
15620631,DaveHansenTiger,7168,1,176131,2007-12-08T02:29:57Z
15621010,dchiles,153669,3,46126359,2017-02-16T04:47:14Z
15621304,bot-mode,451693,2,14434058,2012-12-28T04:44:38Z
15621620,DaveHansenTiger,7168,1,176131,2007-12-08T02:36:02Z
15621896,bot-mode,451693,2,14961925,2013-02-08T23:46:53Z
15622073,dannykath,2226712,3,28507051,2015-01-30T15:46:13Z
15622305,gkerns,1873674,4,19886450,2014-01-08T17:36:19Z
15622522,bot-mode,451693,2,14961925,2013-02-08T23:47:42Z
15622708,ediyes,1240849,3,40043488,2016-06-15T17:35:08Z
15622926,AndrewSnow,371121,3,20743940,2014-02-24T02:52:55Z
15623221,AndrewSnow,371121,4,18945396,2013-11-17T00:31:13Z
15623413,AndrewSnow,371121,3,18945396,2013-11-17T00:31:08Z
15625702,DaveHansenTiger,7168,1,176412,2007-12-08T03:06:32Z
15628304,DaveHansenTiger,7168,1,176870,2007-12-08T03:25:54Z
15630888,Richard,165,3,27791043,2014-12-30T01:51:46Z
15631168,DaveHansenTiger,7168,1,176870,2007-12-08T04:12:50Z
15631379,DaveHansenTiger,7168,1,176870,2007-12-08T04:14:14Z
15631607,DaveHansenTiger,7168,1,176870,2007-12-08T04:15:44Z
15631843,DaveHansenTiger,7168,1,176870,2007-12-08T04:17:14Z
15632017,DaveHansenTiger,7168,1,177077,2007-12-08T04:18:29Z
15632233,DaveHansenTiger,7168,1,177077,2007-12-08T04:19:36Z
15632438,DaveHansenTiger,7168,1,177077,2007-12-08T04:20:47Z
15632691,DaveHansenTiger,7168,1,177077,2007-12-08T04:22:25Z
15632932,DaveHansenTiger,7168,1,177077,2007-12-08T04:23:55Z
15633145,DaveHansenTiger,7168,1,177077,2007-12-08T04:25:15Z
15633373,bot-mode,451693,3,14961925,2013-02-08T23:52:46Z
15633651,Spanholz,2209894,4,45045233,2017-01-10T08:37:07Z
15633890,DaveHansenTiger,7168,1,177077,2007-12-08T04:31:41Z
15634125,bot-mode,451693,2,14961925,2013-02-08T23:53:59Z
15634298,jonesydesign,1802220,3,21575854,2014-04-08T18:10:20Z
15634414,ajashton,135329,2,15634087,2013-04-07T00:45:09Z
15634550,elkueb,4210803,3,43231965,2016-10-27T22:10:21Z
15634681,Spanholz,2209894,4,45082377,2017-01-11T17:46:38Z
15634823,DaveHansenTiger,7168,1,177077,2007-12-08T04:38:38Z
15634948,jonesydesign,1802220,4,21559344,2014-04-07T19:48:52Z
15635076,DaveHansenTiger,7168,1,177077,2007-12-08T04:40:43Z
15635208,DaveHansenTiger,7168,1,177077,2007-12-08T04:41:36Z
15635353,bot-mode,451693,2,14961925,2013-02-08T23:55:26Z
15635491,bot-mode,451693,2,14961925,2013-02-08T23:55:36Z
15635627,DaveHansenTiger,7168,1,177077,2007-12-08T04:44:11Z
15635759,DaveHansenTiger,7168,1,177077,2007-12-08T04:44:55Z
15635892,maxerickson,360392,2,28255581,2015-01-19T16:12:18Z
15636039,bot-mode,451693,2,14961925,2013-02-08T23:56:01Z
15636166,DaveHansenTiger,7168,1,177077,2007-12-08T04:47:02Z
15636300,DaveHansenTiger,7168,1,177077,2007-12-08T04:47:57Z
15636439,DaveHansenTiger,7168,1,177077,2007-12-08T04:48:52Z
15636579,DaveHansenTiger,7168,1,177077,2007-12-08T04:49:45Z
15636710,Alan Trick,1722904,3,39548414,2016-05-25T04:44:39Z
15636829,Mrs_C,4796196,3,43258795,2016-10-29T02:06:58Z
15636964,DaveHansenTiger,7168,1,177077,2007-12-08T04:51:47Z
15637158,DaveHansenTiger,7168,1,177077,2007-12-08T04:53:16Z
15637331,DaveHansenTiger,7168,1,177286,2007-12-08T04:54:08Z
15637571,Rub21,510836,2,15355487,2013-03-13T19:38:40Z
15637777,AndrewSnow,371121,2,40621931,2016-07-10T01:28:45Z
15638010,bot-mode,451693,2,14961925,2013-02-08T23:57:01Z
15638235,Omnific,1408522,3,37603529,2016-03-04T08:44:06Z
15638458,Rub21,510836,3,15355066,2013-03-13T18:54:33Z
15638689,Rub21,510836,3,15355066,2013-03-13T18:54:31Z
15638888,elkueb,4210803,2,44990145,2017-01-07T22:31:55Z
15639140,DaveHansenTiger,7168,1,177286,2007-12-08T05:07:03Z
15639344,bot-mode,451693,2,14961925,2013-02-08T23:58:42Z
15639528,bot-mode,451693,2,14961925,2013-02-08T23:58:57Z
15639712,bot-mode,451693,2,14517033,2013-01-03T19:21:59Z
15639916,bot-mode,451693,2,14517033,2013-01-03T19:22:08Z
15640099,bot-mode,451693,2,14961925,2013-02-08T23:59:38Z
15640329,Omnific,1408522,9,28117865,2015-01-13T17:59:49Z
15640604,bot-mode,451693,2,14961925,2013-02-09T00:00:05Z
15640812,bot-mode,451693,2,14961925,2013-02-09T00:00:20Z
15641052,bot-mode,451693,2,14961925,2013-02-09T00:00:37Z
15641370,bot-mode,451693,2,14961925,2013-02-09T00:00:49Z
15641601,bot-mode,451693,2,14961925,2013-02-09T00:01:05Z
15641829,DaveHansenTiger,7168,1,177286,2007-12-08T05:27:25Z
15641978,Kirbert,2077000,4,22955088,2014-06-16T02:26:50Z
15642170,bot-mode,451693,2,14961925,2013-02-09T00:01:53Z
15642323,bot-mode,451693,2,14961925,2013-02-09T00:02:11Z
15642501,DaveHansenTiger,7168,1,177464,2007-12-08T05:34:12Z
15642683,bot-mode,451693,2,14961925,2013-02-09T00:02:47Z
15642880,bot-mode,451693,2,14961925,2013-02-09T00:03:00Z
15643047,Omnific,1408522,5,46484488,2017-03-01T04:33:52Z
15643210,abel801,2377377,3,33426556,2015-08-18T21:03:10Z
15643407,bot-mode,451693,2,14961925,2013-02-09T00:04:01Z
15643601,bot-mode,451693,2,14961925,2013-02-09T00:04:24Z
15643840,bot-mode,451693,2,14961925,2013-02-09T00:04:51Z
15644035,bot-mode,451693,2,14961925,2013-02-09T00:05:10Z
15644280,bot-mode,451693,2,14961925,2013-02-09T00:05:34Z
15644476,bot-mode,451693,2,14961925,2013-02-09T00:05:59Z
15644675,bot-mode,451693,2,14961925,2013-02-09T00:06:18Z
15644891,bot-mode,451693,2,14517033,2013-01-03T19:25:30Z
15645167,Milo,168517,3,22148248,2014-05-05T14:53:18Z
15645520,SK53,84681,2,5271861,2010-07-20T15:55:43Z
15645808,oldtopos,169004,2,13058365,2012-09-10T15:31:12Z
15646109,danbjoseph,1535212,2,21899915,2014-04-24T04:31:26Z
15646411,maxerickson,360392,2,20168006,2014-01-23T21:34:00Z
15646711,oldtopos,169004,2,13058365,2012-09-10T15:31:08Z
15646979,DaveHansenTiger,7168,1,177692,2007-12-08T06:10:10Z
15647197,DaveHansenTiger,7168,1,177692,2007-12-08T06:11:50Z
15647419,DaveHansenTiger,7168,1,177692,2007-12-08T06:13:27Z
15647662,SimonPoole,92387,4,43819064,2016-11-20T10:54:23Z
15647877,DaveHansenTiger,7168,1,177692,2007-12-08T06:17:19Z
15648084,DaveHansenTiger,7168,1,177692,2007-12-08T06:20:21Z
15648307,DaveHansenTiger,7168,1,177692,2007-12-08T06:23:08Z
15648522,bot-mode,451693,2,14962126,2013-02-09T00:08:31Z
15648759,Richard,165,3,45398348,2017-01-23T12:39:36Z
15648891,DaveHansenTiger,7168,1,177692,2007-12-08T06:31:20Z
15649007,bot-mode,451693,2,14962126,2013-02-09T00:09:14Z
15649122,DaveHansenTiger,7168,1,177692,2007-12-08T06:33:34Z
15649237,SimonPoole,92387,2,43818257,2016-11-20T10:05:30Z
15649352,DaveHansenTiger,7168,1,177692,2007-12-08T06:35:41Z
15649475,DaveHansenTiger,7168,1,177692,2007-12-08T06:36:34Z
15649614,bot-mode,451693,2,14962126,2013-02-09T00:09:42Z
15649739,DaveHansenTiger,7168,1,177692,2007-12-08T06:38:19Z
15649862,Omnific,1408522,4,37238755,2016-02-16T05:28:21Z
15650028,DaveHansenTiger,7168,1,177903,2007-12-08T06:41:03Z
15650304,DaveHansenTiger,7168,1,177903,2007-12-08T06:42:37Z
15650559,DaveHansenTiger,7168,1,177903,2007-12-08T06:44:04Z
15650814,DaveHansenTiger,7168,1,177903,2007-12-08T06:45:34Z
15651090,DaveHansenTiger,7168,1,177903,2007-12-08T06:46:45Z
15651334,DaveHansenTiger,7168,1,177903,2007-12-08T06:47:48Z
15651780,bot-mode,451693,3,14520871,2013-01-04T00:29:57Z
15652066,DaveHansenTiger,7168,1,177903,2007-12-08T06:52:54Z
15652387,bot-mode,451693,2,14361755,2012-12-22T02:52:29Z
15652680,bot-mode,451693,2,14481833,2012-12-31T20:18:07Z
15653002,bot-mode,451693,2,14962126,2013-02-09T00:11:53Z
15655824,DaveHansenTiger,7168,1,178178,2007-12-08T07:23:04Z
15656041,DaveHansenTiger,7168,1,178178,2007-12-08T07:24:40Z
15656233,DaveHansenTiger,7168,1,178178,2007-12-08T07:25:40Z
15656403,Omnific,1408522,3,20276989,2014-01-30T04:13:16Z
15656576,DaveHansenTiger,7168,1,178178,2007-12-08T07:27:58Z
15656749,maxerickson,360392,2,24948215,2014-08-23T05:50:26Z
15656952,elkueb,4210803,2,45112498,2017-01-12T18:33:31Z
15657165,DaveHansenTiger,7168,1,178178,2007-12-08T07:31:25Z
15657357,DKNOTT,1149057,2,16593664,2013-06-17T18:20:04Z
15657536,DaveHansenTiger,7168,1,178178,2007-12-08T07:33:23Z
15657721,DaveHansenTiger,7168,1,178178,2007-12-08T07:34:22Z
15657907,DaveHansenTiger,7168,1,178178,2007-12-08T07:35:26Z
15658094,DaveHansenTiger,7168,1,178178,2007-12-08T07:36:31Z
15658282,DaveHansenTiger,7168,1,178178,2007-12-08T07:37:44Z
15658441,DaveHansenTiger,7168,1,178178,2007-12-08T07:38:42Z
15658624,DaveHansenTiger,7168,1,178178,2007-12-08T07:39:53Z
15658791,DaveHansenTiger,7168,1,178178,2007-12-08T07:40:57Z
15658992,DaveHansenTiger,7168,1,178178,2007-12-08T07:42:01Z
15659186,DaveHansenTiger,7168,1,178178,2007-12-08T07:43:01Z
15659348,DaveHansenTiger,7168,1,178178,2007-12-08T07:44:26Z
15659527,Omnific,1408522,3,20276989,2014-01-30T04:13:14Z
15659671,maxerickson,360392,2,24948215,2014-08-23T05:50:26Z
15659825,elkueb,4210803,2,46873400,2017-03-15T16:07:45Z
15659985,AndrewSnow,371121,2,29321507,2015-03-08T03:55:13Z
15660161,Omnific,1408522,8,36522048,2016-01-12T08:37:44Z
15660300,bot-mode,451693,2,14962126,2013-02-09T00:15:03Z
15660438,bot-mode,451693,2,14437660,2012-12-28T12:10:06Z
15660582,bot-mode,451693,2,14962126,2013-02-09T00:15:38Z
15660743,bot-mode,451693,2,14962126,2013-02-09T00:15:49Z
15660886,bot-mode,451693,2,14962126,2013-02-09T00:16:08Z
15661042,elkueb,4210803,5,45112498,2017-01-12T18:33:37Z
15661190,DaveHansenTiger,7168,1,178428,2007-12-08T08:01:15Z
15661322,mdroads,193314,11,34274149,2015-09-27T00:41:43Z
15661462,AndrewSnow,371121,4,40408662,2016-07-01T05:47:58Z
15661585,gieguy,72990,3,33517043,2015-08-23T04:32:43Z
15661717,DaveHansenTiger,7168,1,178428,2007-12-08T08:07:21Z
15661839,DKNOTT,1149057,3,16593664,2013-06-17T18:19:52Z
15661958,Omnific,1408522,2,46485610,2017-03-01T06:20:42Z
15662072,bot-mode,451693,2,14962126,2013-02-09T00:17:58Z
15662187,oldtopos,169004,2,13119406,2012-09-15T15:36:07Z
15662310,bot-mode,451693,2,14962126,2013-02-09T00:18:17Z
15662431,DaveHansenTiger,7168,1,178428,2007-12-08T08:13:39Z
15662545,DaveHansenTiger,7168,1,178428,2007-12-08T08:14:39Z
15662662,bot-mode,451693,2,14406939,2012-12-26T00:14:50Z
15662800,bot-mode,451693,2,14437660,2012-12-28T12:10:10Z
15662936,AndrewSnow,371121,3,36949907,2016-02-02T03:41:32Z
15663068,AndrewSnow,371121,3,29323598,2015-03-08T07:17:28Z
15663198,Omnific,1408522,3,46267949,2017-02-21T09:06:51Z
15663597,DaveHansenTiger,7168,1,178428,2007-12-08T08:22:49Z
15663959,Kirbert,2077000,2,23968260,2014-07-05T15:01:24Z
15664384,Luis36995,1829683,3,28597321,2015-02-03T20:04:35Z
15664841,bot-mode,451693,2,14962126,2013-02-09T00:19:31Z
15665114,elkueb,4210803,3,43275097,2016-10-30T00:25:20Z
15665452,DaveHansenTiger,7168,1,179023,2007-12-08T08:38:48Z
15665901,DaveHansenTiger,7168,1,179023,2007-12-08T08:42:03Z
15666302,DaveHansenTiger,7168,1,179023,2007-12-08T08:45:19Z
15666884,DaveHansenTiger,7168,1,179023,2007-12-08T08:49:03Z
15667600,DaveHansenTiger,7168,1,179023,2007-12-08T08:53:38Z
15668203,DaveHansenTiger,7168,1,179023,2007-12-08T08:58:10Z
15668640,DaveHansenTiger,7168,1,179023,2007-12-08T09:00:59Z
15669085,oldtopos,169004,2,13108099,2012-09-14T14:44:13Z
15669477,Omnific,1408522,2,45833672,2017-02-05T16:41:03Z
15669859,DaveHansenTiger,7168,1,179371,2007-12-08T09:08:40Z
15670210,DaveHansenTiger,7168,1,179371,2007-12-08T09:11:21Z
15670534,stangoodman,224610,2,22068149,2014-05-01T16:59:56Z
15670780,DaveHansenTiger,7168,1,179371,2007-12-08T09:15:52Z
15671092,DaveHansenTiger,7168,1,179371,2007-12-08T09:18:35Z
15671379,DaveHansenTiger,7168,1,179371,2007-12-08T09:20:47Z
15671667,DaveHansenTiger,7168,1,179371,2007-12-08T09:22:43Z
15671962,bot-mode,451693,2,14962126,2013-02-09T00:23:23Z
15672386,elkueb,4210803,6,44986714,2017-01-07T19:35:40Z
15672747,bot-mode,451693,2,14962126,2013-02-09T00:25:17Z
15673062,samely,2512300,3,38606012,2016-04-15T21:30:12Z
15673422,bot-mode,451693,2,14962126,2013-02-09T00:26:50Z
15673780,bot-mode,451693,2,14962126,2013-02-09T00:27:37Z
16096378,DaveHansenTiger,7168,1,254344,2007-12-11T14:52:31Z
16097250,DaveHansenTiger,7168,1,254344,2007-12-11T14:59:02Z
16098082,bot-mode,451693,2,14962344,2013-02-09T00:59:56Z
16099076,bot-mode,451693,2,14962344,2013-02-09T01:00:52Z
16099646,bot-mode,451693,2,14962344,2013-02-09T01:01:49Z
16100206,DaveHansenTiger,7168,1,254564,2007-12-11T15:28:28Z
16100874,bot-mode,451693,2,14962344,2013-02-09T01:03:21Z
16101647,bot-mode,451693,2,14962344,2013-02-09T01:04:11Z
16102243,bot-mode,451693,2,14962344,2013-02-09T01:05:35Z
16102785,bot-mode,451693,2,14963273,2013-02-09T04:47:03Z
16103224,bot-mode,451693,2,14963273,2013-02-09T04:48:30Z
16103620,yurasi,3526564,3,42049773,2016-09-09T22:36:13Z
16164268,DaveHansenTiger,7168,1,266559,2007-12-12T03:51:47Z
16165764,DaveHansenTiger,7168,1,266559,2007-12-12T04:03:25Z
16166639,DaveHansenTiger,7168,1,266559,2007-12-12T04:11:04Z
16168392,bot-mode,451693,2,14375174,2012-12-23T08:59:23Z
16170223,bot-mode,451693,2,14963520,2013-02-09T06:11:10Z
16171688,bot-mode,451693,2,14963520,2013-02-09T06:13:34Z
16173285,bot-mode,451693,2,14963520,2013-02-09T06:17:14Z
16266814,DaveHansenTiger,7168,1,280007,2007-12-13T06:47:11Z
16267103,DaveHansenTiger,7168,1,280007,2007-12-13T06:49:49Z
16267458,DaveHansenTiger,7168,1,280007,2007-12-13T06:54:10Z
16267771,DaveHansenTiger,7168,1,280007,2007-12-13T06:56:46Z
16268136,DaveHansenTiger,7168,1,280007,2007-12-13T07:00:04Z
16268851,bot-mode,451693,2,14967299,2013-02-09T13:37:44Z
16269400,bot-mode,451693,2,14437660,2012-12-28T12:10:20Z
16269774,DaveHansenTiger,7168,1,280163,2007-12-13T07:31:27Z
16270358,bot-mode,451693,2,14967299,2013-02-09T13:41:07Z
16271153,bot-mode,451693,2,14967299,2013-02-09T13:41:34Z
16273965,bot-mode,451693,3,14361846,2012-12-22T03:19:24Z
16277884,bdiscoe,402624,3,38840213,2016-04-24T18:56:45Z
16303455,DaveHansenTiger,7168,1,284605,2007-12-13T18:28:16Z
16303602,DaveHansenTiger,7168,1,284605,2007-12-13T18:30:15Z
16303744,DaveHansenTiger,7168,1,284605,2007-12-13T18:32:05Z
16303892,DaveHansenTiger,7168,1,284605,2007-12-13T18:33:27Z
16304063,bot-mode,451693,2,14967835,2013-02-09T14:39:31Z
16304265,bot-mode,451693,2,14361083,2012-12-22T00:25:16Z
16304459,bot-mode,451693,2,14967835,2013-02-09T14:40:36Z
16304663,bot-mode,451693,2,14967835,2013-02-09T14:41:03Z
16304839,bot-mode,451693,2,14967835,2013-02-09T14:41:34Z
16305036,DaveHansenTiger,7168,1,284858,2007-12-13T19:02:29Z
16335010,Pierre-Alain Dorange,28269,2,21601460,2014-04-10T07:30:21Z
16335344,DaveHansenTiger,7168,1,292861,2007-12-14T04:57:47Z
16335734,DaveHansenTiger,7168,1,292861,2007-12-14T05:00:03Z
16336078,DaveHansenTiger,7168,1,292861,2007-12-14T05:01:43Z
16336386,DaveHansenTiger,7168,1,292861,2007-12-14T05:03:49Z
16336578,DaveHansenTiger,7168,1,292861,2007-12-14T05:06:01Z
16336755,DaveHansenTiger,7168,1,292861,2007-12-14T05:07:37Z
16336964,DaveHansenTiger,7168,1,292861,2007-12-14T05:09:09Z
16337210,Kla_Ger,86703,2,27862067,2015-01-02T13:00:03Z
16337433,DaveHansenTiger,7168,1,292861,2007-12-14T05:13:18Z
16337631,bot-mode,451693,2,14968450,2013-02-09T15:29:07Z
16337855,houston_mapper1,2925215,3,49562230,2017-06-15T13:10:47Z
16338048,dannykath,2226712,3,39431416,2016-05-19T18:39:34Z
16338328,eisbaerNils,434672,4,22940145,2014-06-15T09:14:37Z
16338565,bot-mode,451693,2,15013595,2013-02-13T03:11:32Z
16338927,bot-mode,451693,2,14374487,2012-12-23T07:31:04Z
16339179,DaveHansenTiger,7168,1,293102,2007-12-14T05:34:11Z
16339424,karitotp,2748195,4,33428112,2015-08-18T22:26:23Z
16339674,bot-mode,451693,2,14415823,2012-12-26T18:06:51Z
16339991,DaveHansenTiger,7168,1,293102,2007-12-14T05:43:46Z
16340315,MikeN,135163,3,48504126,2017-05-08T14:41:15Z
16340726,DaveHansenTiger,7168,1,293102,2007-12-14T05:50:52Z
16341069,OSMF Redaction Account,722137,3,12289849,2012-07-18T17:02:37Z
16341369,bot-mode,451693,2,14374078,2012-12-23T06:25:40Z
16341724,bot-mode,451693,2,15013595,2013-02-13T03:14:08Z
16342044,DaveHansenTiger,7168,1,293308,2007-12-14T06:01:34Z
16342293,bot-mode,451693,2,14361846,2012-12-22T03:19:49Z
16342523,bot-mode,451693,2,14394477,2012-12-24T19:49:16Z
16342813,bot-mode,451693,2,15013595,2013-02-13T03:16:07Z
16343074,maxerickson,360392,3,44745524,2016-12-29T02:17:48Z
16343290,DaveHansenTiger,7168,1,293308,2007-12-14T06:19:41Z
17458559,bdiscoe,402624,3,39323751,2016-05-15T03:28:26Z
17470169,bdiscoe,402624,3,38827776,2016-04-24T08:00:44Z
17477982,DaveHansenTiger,7168,1,377789,2007-12-20T23:37:38Z
17483799,bdiscoe,402624,4,39030471,2016-05-02T06:09:47Z
17494220,bdiscoe,402624,2,39030741,2016-05-02T06:30:28Z
19049893,bot-mode,451693,2,15849378,2013-04-24T14:15:14Z
19050074,DaveHansenTiger,7168,1,473144,2007-12-30T12:34:28Z
19050230,DaveHansenTiger,7168,1,473144,2007-12-30T12:35:39Z
19050351,DaveHansenTiger,7168,1,473144,2007-12-30T12:36:50Z
19050480,DaveHansenTiger,7168,1,473144,2007-12-30T12:37:50Z
19050637,DaveHansenTiger,7168,1,473144,2007-12-30T12:38:39Z
19051088,bot-mode,451693,2,15849378,2013-04-24T14:15:59Z
19051784,Damouns,13442,2,13269247,2012-09-27T09:27:46Z
19052463,bot-mode,451693,2,14519949,2013-01-03T22:55:17Z
19052874,bot-mode,451693,2,14519949,2013-01-03T22:55:24Z
19053338,bot-mode,451693,2,15849378,2013-04-24T14:18:06Z
19053881,bot-mode,451693,2,15849378,2013-04-24T14:18:53Z
19054288,bot-mode,451693,2,15849378,2013-04-24T14:19:34Z
19054891,bot-mode,451693,2,15849378,2013-04-24T14:19:50Z
19055292,bot-mode,451693,2,15806015,2013-04-21T05:02:35Z
19055811,Damouns,13442,6,13269247,2012-09-27T09:35:49Z
19056295,bot-mode,451693,2,15849378,2013-04-24T14:21:06Z
19056743,bot-mode,451693,2,14519949,2013-01-03T22:56:09Z
19089154,DaveHansenTiger,7168,1,477602,2007-12-30T18:18:31Z
19089942,DaveHansenTiger,7168,1,477602,2007-12-30T18:23:41Z
19091450,bot-mode,451693,2,15806015,2013-04-21T05:22:28Z
19092925,bot-mode,451693,2,15806015,2013-04-21T05:23:32Z
19094041,bot-mode,451693,2,14464401,2012-12-30T14:28:28Z
19095026,TheBrit,703657,6,49540986,2017-06-14T20:50:17Z
19103693,DaveHansenTiger,7168,1,478632,2007-12-30T20:30:57Z
19103917,DaveHansenTiger,7168,1,478632,2007-12-30T20:32:10Z
19104191,DaveHansenTiger,7168,1,478632,2007-12-30T20:34:08Z
19104424,DaveHansenTiger,7168,1,478632,2007-12-30T20:35:41Z
19104708,DaveHansenTiger,7168,1,478632,2007-12-30T20:37:15Z
19104989,DaveHansenTiger,7168,1,478632,2007-12-30T20:38:49Z
19105216,DaveHansenTiger,7168,1,478632,2007-12-30T20:40:15Z
19105438,DaveHansenTiger,7168,1,478632,2007-12-30T20:41:31Z
19105655,DaveHansenTiger,7168,1,478632,2007-12-30T20:42:44Z
19105900,DaveHansenTiger,7168,1,478632,2007-12-30T20:43:58Z
19106146,bot-mode,451693,3,14519949,2013-01-03T22:56:09Z
19106538,DaveHansenTiger,7168,1,479110,2007-12-30T20:48:50Z
19107130,DaveHansenTiger,7168,1,479110,2007-12-30T20:54:09Z
19107599,bot-mode,451693,2,15849378,2013-04-24T14:30:19Z
19107966,bot-mode,451693,2,15849378,2013-04-24T14:30:35Z
19108403,DaveHansenTiger,7168,1,479110,2007-12-30T21:03:48Z
19108971,bot-mode,451693,2,15849378,2013-04-24T14:30:59Z
19109491,DaveHansenTiger,7168,1,479110,2007-12-30T21:11:51Z
19109922,DaveHansenTiger,7168,1,479110,2007-12-30T21:15:01Z
19110410,bot-mode,451693,2,14373990,2012-12-23T06:09:31Z
19110871,NE2,207745,2,8185939,2011-05-18T23:32:33Z
19111470,Minh Nguyen,33757,3,22557041,2014-05-26T07:22:58Z
19111925,bot-mode,451693,2,15849378,2013-04-24T14:32:27Z
19112400,DaveHansenTiger,7168,1,479350,2007-12-30T21:33:02Z
19113132,Minh Nguyen,33757,3,22557473,2014-05-26T07:51:53Z
19113621,DaveHansenTiger,7168,1,479350,2007-12-30T21:41:16Z
19114100,Minh Nguyen,33757,2,22557041,2014-05-26T07:22:48Z
19114672,bot-mode,451693,2,15849378,2013-04-24T14:33:47Z
19114938,bot-mode,451693,2,15806015,2013-04-21T05:31:13Z
19115300,bot-mode,451693,2,14373990,2012-12-23T06:10:13Z
19115671,bot-mode,451693,2,14373990,2012-12-23T06:10:21Z
19115926,DaveHansenTiger,7168,1,479803,2007-12-30T22:05:03Z
19116167,bot-mode,451693,2,15849378,2013-04-24T14:36:09Z
19154050,DaveHansenTiger,7168,1,485355,2007-12-31T07:29:24Z
19154719,DaveHansenTiger,7168,1,485355,2007-12-31T07:34:04Z
19155186,DaveHansenTiger,7168,1,485355,2007-12-31T07:37:37Z
19155599,DaveHansenTiger,7168,1,485355,2007-12-31T07:40:13Z
19156049,Minh Nguyen,33757,3,29038594,2015-02-23T08:18:38Z
19156579,maxerickson,360392,3,19740758,2014-01-01T04:16:57Z
19157014,bot-mode,451693,2,15800528,2013-04-20T17:45:54Z
19157551,maxerickson,360392,4,51598996,2017-08-31T02:58:35Z
19158108,bot-mode,451693,2,15849378,2013-04-24T14:39:58Z
19158764,Minh Nguyen,33757,4,29040435,2015-02-23T10:06:50Z
19766053,DaveHansenTiger,7168,1,533082,2008-01-04T02:51:22Z
19809352,DaveHansenTiger,7168,1,550036,2008-01-06T05:07:08Z
19810444,DaveHansenTiger,7168,1,550036,2008-01-06T05:30:10Z
19811135,DaveHansenTiger,7168,1,550157,2008-01-06T05:44:12Z
19812245,DaveHansenTiger,7168,1,550232,2008-01-06T06:03:08Z
19813063,DaveHansenTiger,7168,1,550232,2008-01-06T06:18:38Z
19814020,DaveHansenTiger,7168,1,550282,2008-01-06T06:36:28Z
19814737,DaveHansenTiger,7168,1,550282,2008-01-06T06:47:52Z
19815597,DaveHansenTiger,7168,1,550330,2008-01-06T07:01:26Z
19816985,DaveHansenTiger,7168,1,550428,2008-01-06T07:32:41Z
19856240,techlady,104962,2,46776582,2017-03-12T02:54:42Z
19856905,DaveHansenTiger,7168,1,561359,2008-01-07T06:27:18Z
19857643,bdiscoe,402624,2,39006992,2016-04-30T21:26:23Z
19858525,bdiscoe,402624,2,39006992,2016-04-30T21:27:23Z
19859252,DaveHansenTiger,7168,1,561497,2008-01-07T07:03:48Z
19859931,DaveHansenTiger,7168,1,561497,2008-01-07T07:14:55Z
19860477,DaveHansenTiger,7168,1,561594,2008-01-07T07:23:39Z
19861309,DaveHansenTiger,7168,1,561594,2008-01-07T07:36:33Z
19862015,DaveHansenTiger,7168,1,561676,2008-01-07T07:46:32Z
19862764,DaveHansenTiger,7168,1,561676,2008-01-07T07:58:48Z
19863522,DaveHansenTiger,7168,1,561750,2008-01-07T08:12:23Z
19864361,DaveHansenTiger,7168,1,561750,2008-01-07T08:23:52Z
19865567,DaveHansenTiger,7168,1,561849,2008-01-07T08:41:46Z
19866667,DaveHansenTiger,7168,1,561849,2008-01-07T08:56:05Z
19867762,DaveHansenTiger,7168,1,561951,2008-01-07T09:10:56Z
19868720,DaveHansenTiger,7168,1,561951,2008-01-07T09:26:11Z
19869444,DaveHansenTiger,7168,1,561951,2008-01-07T09:37:23Z
19870442,bdiscoe,402624,2,39006992,2016-04-30T21:27:38Z
19871238,DaveHansenTiger,7168,1,562055,2008-01-07T10:15:59Z
19871993,bdiscoe,402624,2,35119225,2015-11-06T07:02:50Z
19872877,DaveHansenTiger,7168,1,562175,2008-01-07T10:36:34Z
19873509,DaveHansenTiger,7168,1,562175,2008-01-07T10:46:18Z
19874000,DaveHansenTiger,7168,1,562175,2008-01-07T10:55:04Z
19874468,DaveHansenTiger,7168,1,562249,2008-01-07T11:03:34Z
19874939,DaveHansenTiger,7168,1,562249,2008-01-07T11:13:03Z
19875380,DaveHansenTiger,7168,1,562249,2008-01-07T11:21:58Z
19875835,DaveHansenTiger,7168,1,562393,2008-01-07T11:31:40Z
19876208,DaveHansenTiger,7168,1,562393,2008-01-07T11:40:11Z
19876523,DaveHansenTiger,7168,1,562393,2008-01-07T11:46:08Z
19876864,bdiscoe,402624,3,39007160,2016-04-30T21:36:13Z
19877134,DaveHansenTiger,7168,1,562450,2008-01-07T11:58:33Z
19877409,DaveHansenTiger,7168,1,562450,2008-01-07T12:03:28Z
19877679,DaveHansenTiger,7168,1,562450,2008-01-07T12:09:11Z
19877992,DaveHansenTiger,7168,1,562450,2008-01-07T12:16:05Z
19878230,bdiscoe,402624,2,39006992,2016-04-30T21:26:08Z
19878481,DaveHansenTiger,7168,1,562450,2008-01-07T12:23:41Z
19878714,bdiscoe,402624,2,39006992,2016-04-30T21:25:54Z
19878940,DaveHansenTiger,7168,1,562555,2008-01-07T12:31:38Z
19879820,DaveHansenTiger,7168,1,562555,2008-01-07T12:44:16Z
19880116,bot-mode,451693,2,15805152,2013-04-21T01:01:21Z
19880347,DaveHansenTiger,7168,1,563526,2008-01-07T13:17:30Z
19880626,DaveHansenTiger,7168,1,563526,2008-01-07T13:37:29Z
19949731,DaveHansenTiger,7168,1,571464,2008-01-08T04:45:51Z
19950899,DaveHansenTiger,7168,1,571464,2008-01-08T04:59:43Z
19952117,DaveHansenTiger,7168,1,571518,2008-01-08T05:10:56Z
19953524,DaveHansenTiger,7168,1,571518,2008-01-08T05:25:13Z
19954520,DaveHansenTiger,7168,1,571550,2008-01-08T05:38:48Z
19955604,DaveHansenTiger,7168,1,571550,2008-01-08T05:54:19Z
19956472,DaveHansenTiger,7168,1,571550,2008-01-08T06:06:48Z
19957142,DaveHansenTiger,7168,1,571620,2008-01-08T06:15:58Z
19957792,DaveHansenTiger,7168,1,571620,2008-01-08T06:25:19Z
19958528,Boon Booni,2443590,5,43670901,2016-11-15T13:33:57Z
20210387,DaveHansenTiger,7168,1,583904,2008-01-09T21:49:07Z
20210935,DaveHansenTiger,7168,1,583904,2008-01-09T21:54:12Z
20211873,DaveHansenTiger,7168,1,583904,2008-01-09T22:02:31Z
20212460,DaveHansenTiger,7168,1,583904,2008-01-09T22:07:05Z
20212922,DaveHansenTiger,7168,1,584059,2008-01-09T22:10:47Z
20213633,DaveHansenTiger,7168,1,584059,2008-01-09T22:16:44Z
20214254,DaveHansenTiger,7168,1,584059,2008-01-09T22:23:16Z
20214941,DaveHansenTiger,7168,1,584059,2008-01-09T22:30:55Z
20215588,DaveHansenTiger,7168,1,584059,2008-01-09T22:36:37Z
20216112,DaveHansenTiger,7168,1,584228,2008-01-09T22:41:30Z
20216635,DaveHansenTiger,7168,1,584228,2008-01-09T22:45:16Z
20217284,DaveHansenTiger,7168,1,584228,2008-01-09T22:50:24Z
20217895,DaveHansenTiger,7168,1,584228,2008-01-09T22:55:36Z
20218402,DaveHansenTiger,7168,1,584228,2008-01-09T22:59:40Z
20219029,DaveHansenTiger,7168,1,584228,2008-01-09T23:04:39Z
20219522,DaveHansenTiger,7168,1,584228,2008-01-09T23:07:47Z
20219947,DaveHansenTiger,7168,1,584369,2008-01-09T23:11:23Z
20220759,DaveHansenTiger,7168,1,584369,2008-01-09T23:17:58Z
20221431,DaveHansenTiger,7168,1,584369,2008-01-09T23:22:53Z
20222064,DaveHansenTiger,7168,1,584369,2008-01-09T23:27:59Z
20222630,DaveHansenTiger,7168,1,584369,2008-01-09T23:32:07Z
20223378,DaveHansenTiger,7168,1,584369,2008-01-09T23:35:39Z
20224667,bot-mode,451693,2,15805631,2013-04-21T03:04:14Z
20225727,bot-mode,451693,2,14361656,2012-12-22T02:31:04Z
20227101,bot-mode,451693,2,15805631,2013-04-21T03:04:41Z
20228182,bot-mode,451693,2,14531776,2013-01-04T22:20:43Z
20229395,bot-mode,451693,2,14361656,2012-12-22T02:31:37Z
20230485,bot-mode,451693,2,15805631,2013-04-21T03:05:16Z
20231854,bot-mode,451693,2,14463048,2012-12-30T12:31:52Z
20233614,bot-mode,451693,2,14531776,2013-01-04T22:21:39Z
20234781,bot-mode,451693,2,15805631,2013-04-21T03:06:00Z
20235765,bot-mode,451693,2,15805631,2013-04-21T03:06:12Z
20356722,DaveHansenTiger,7168,1,595068,2008-01-10T22:56:06Z
20357344,DaveHansenTiger,7168,1,595068,2008-01-10T23:00:52Z
20358434,DaveHansenTiger,7168,1,595194,2008-01-10T23:09:20Z
20359395,DaveHansenTiger,7168,1,595194,2008-01-10T23:15:53Z
20360546,mutantmonkey,99367,5,5946657,2010-10-03T17:52:39Z
20362005,Evanator,451067,4,41840030,2016-09-01T03:40:43Z
20363814,Chris Lawrence,36121,2,10071598,2011-12-09T09:42:39Z
20365380,bot-mode,451693,2,14390911,2012-12-24T14:17:51Z
20425503,DaveHansenTiger,7168,1,601360,2008-01-11T11:55:02Z
20431865,DaveHansenTiger,7168,1,601686,2008-01-11T12:45:08Z
20444929,bot-mode,451693,2,15805968,2013-04-21T04:56:09Z
20455561,Omnific,1408522,2,50020771,2017-07-03T22:53:30Z
20462315,Omnific,1408522,2,50020771,2017-07-03T22:53:59Z
20531192,Richard,165,2,35123087,2015-11-06T10:50:38Z
20533199,DaveHansenTiger,7168,1,609276,2008-01-12T07:15:05Z
20534818,DaveHansenTiger,7168,1,609276,2008-01-12T07:32:42Z
20536831,DaveHansenTiger,7168,1,609318,2008-01-12T07:56:46Z
20540204,Omnific,1408522,3,46775093,2017-03-12T00:06:18Z
20541877,DaveHansenTiger,7168,1,609497,2008-01-12T08:42:03Z
20543731,DaveHansenTiger,7168,1,609553,2008-01-12T09:04:52Z
20545258,DaveHansenTiger,7168,1,609694,2008-01-12T09:25:00Z
20547246,DaveHansenTiger,7168,1,609694,2008-01-12T09:52:41Z
20549219,DaveHansenTiger,7168,1,609759,2008-01-12T10:17:48Z
20551112,Omnific,1408522,2,46775093,2017-03-12T00:06:39Z
20552824,Omnific,1408522,2,46775093,2017-03-12T00:06:37Z
20554831,DaveHansenTiger,7168,1,609892,2008-01-12T11:12:36Z
20556227,DaveHansenTiger,7168,1,609941,2008-01-12T11:25:05Z
20557446,Omnific,1408522,2,46772199,2017-03-11T21:18:17Z
20559543,bot-mode,451693,2,15806180,2013-04-21T06:13:12Z
20562264,bot-mode,451693,2,15806443,2013-04-21T06:16:14Z
20565572,Omnific,1408522,3,46775093,2017-03-12T00:05:41Z
20569015,DaveHansenTiger,7168,1,610288,2008-01-12T13:13:49Z
20571398,bot-mode,451693,2,15806443,2013-04-21T06:28:46Z
20574195,DaveHansenTiger,7168,1,610515,2008-01-12T14:04:03Z
24315703,Alexander Roalter,334153,3,10120281,2011-12-14T23:20:08Z
28406863,Richard,165,4,27186724,2014-12-02T19:37:04Z
32518538,mutantmonkey,99367,3,4708952,2010-05-15T18:05:42Z
33743512,xybot,70696,5,9678562,2011-10-28T17:38:52Z
38250208,TIGERcnl,120146,1,1978562,2009-07-29T20:07:34Z
39475070,dcat,160651,2,4184740,2010-03-20T21:53:59Z
39479522,jumbanho,38487,1,2243909,2009-08-24T14:41:11Z
39482942,jumbanho,38487,1,2244640,2009-08-24T15:32:45Z
39494804,jumbanho,38487,1,2246327,2009-08-24T18:38:16Z
39512557,dcat,160651,2,4184740,2010-03-20T21:57:09Z
39534300,jumbanho,38487,1,2257004,2009-08-25T17:11:30Z
39554193,bdiscoe,402624,2,38825715,2016-04-24T04:47:52Z
39557304,dcat,160651,2,4272342,2010-03-29T23:07:38Z
39602388,bdiscoe,402624,3,38825961,2016-04-24T05:18:34Z
39887585,Omnific,1408522,11,35160826,2015-11-08T00:15:08Z
40545099,TIGERcnl,120146,1,2432313,2009-09-10T06:48:19Z
40547323,MikeN,135163,4,25775604,2014-09-30T19:24:02Z
40647960,hofoen,52797,3,47043537,2017-03-21T15:27:59Z
40719241,KristenK,1494110,7,18918816,2013-11-15T17:40:35Z
42334619,Walleye2013,3208194,6,44521172,2016-12-19T17:36:21Z
43091612,Evanator,451067,10,33968005,2015-09-11T19:52:38Z
43208438,jumbanho,38487,2,4294405,2010-04-01T14:30:23Z
43215145,jumbanho,38487,2,4294405,2010-04-01T14:34:24Z
43227000,HokiePilot,155066,3,15144485,2013-02-24T08:12:34Z
43235022,jumbanho,38487,2,4294405,2010-04-01T14:34:37Z
43249322,eric22,160949,2,41717340,2016-08-26T15:22:40Z
43278330,jumbanho,38487,1,2973226,2009-10-28T14:13:47Z
43531160,dcat,160651,7,45987927,2017-02-11T01:37:26Z
43974453,Evanator,451067,7,39084878,2016-05-03T23:50:35Z
46124664,Evanator,451067,3,34746936,2015-10-20T02:51:35Z
49224450,cov,111209,3,7844807,2011-04-12T17:42:55Z
49324317,Peter14,13832,4,46606347,2017-03-05T20:58:47Z
50164624,NE2,207745,7,9935904,2011-11-24T19:02:23Z
50235724,bot-mode,451693,3,14373990,2012-12-23T06:10:36Z
50287818,bot-mode,451693,4,15807107,2013-04-21T08:33:49Z
50313392,bot-mode,451693,4,15807107,2013-04-21T08:34:02Z
51246800,Omnific,1408522,6,20131214,2014-01-21T22:03:56Z
51459812,Omnific,1408522,2,35160802,2015-11-08T00:12:41Z
53353134,Jothirnadh,2015224,2,38157971,2016-03-30T05:20:02Z
54664070,cov,111209,3,7844807,2011-04-12T17:41:42Z
54782316,bdiscoe,402624,3,38825715,2016-04-24T04:47:45Z
54782425,maxerickson,360392,4,51382617,2017-08-23T17:34:25Z
54782529,maxerickson,360392,5,51548057,2017-08-29T15:51:53Z
54782630,maxerickson,360392,5,51548057,2017-08-29T15:51:54Z
54782730,maxerickson,360392,5,51548057,2017-08-29T15:52:00Z
54782830,maxerickson,360392,3,51551614,2017-08-29T17:36:54Z
54782931,mutantmonkey,99367,2,4370079,2010-04-09T07:09:41Z
54783035,mutantmonkey,99367,2,4370079,2010-04-09T07:09:51Z
54783140,maxerickson,360392,3,51682066,2017-09-02T23:16:31Z
54783241,maxerickson,360392,3,51594087,2017-08-30T20:51:10Z
54783345,mutantmonkey,99367,2,4370079,2010-04-09T07:10:21Z
54783448,mutantmonkey,99367,2,4370079,2010-04-09T07:10:34Z
54783549,mutantmonkey,99367,2,4370079,2010-04-09T07:10:43Z
54783682,maxerickson,360392,3,51704906,2017-09-04T00:25:12Z
54783794,maxerickson,360392,3,51627869,2017-08-31T20:55:34Z
54783916,mutantmonkey,99367,2,4370079,2010-04-09T07:11:13Z
54784019,mutantmonkey,99367,2,4370079,2010-04-09T07:11:25Z
54784130,maxerickson,360392,3,51495449,2017-08-28T01:37:18Z
54784231,maxerickson,360392,3,51495449,2017-08-28T01:37:25Z
54784335,maxerickson,360392,3,51698672,2017-09-03T17:51:56Z
54784441,maxerickson,360392,3,51495449,2017-08-28T01:37:33Z
54784543,maxerickson,360392,3,51495449,2017-08-28T01:37:41Z
54784668,maxerickson,360392,3,51496569,2017-08-28T03:49:48Z
54784769,maxerickson,360392,3,51698672,2017-09-03T17:52:10Z
54784872,mutantmonkey,99367,2,4370079,2010-04-09T07:12:51Z
54784974,mutantmonkey,99367,2,4370079,2010-04-09T07:13:01Z
54785078,maxerickson,360392,3,51705336,2017-09-04T01:36:31Z
54785182,mutantmonkey,99367,2,4370079,2010-04-09T07:13:20Z
54785287,maxerickson,360392,3,51698672,2017-09-03T17:52:34Z
54785387,maxerickson,360392,3,51705558,2017-09-04T02:13:08Z
54785487,maxerickson,360392,3,51698672,2017-09-03T17:52:37Z
54785598,maxerickson,360392,3,51705558,2017-09-04T02:13:19Z
54785711,mutantmonkey,99367,2,4370079,2010-04-09T07:14:17Z
54785816,mutantmonkey,99367,2,4370079,2010-04-09T07:14:27Z
54785921,mutantmonkey,99367,1,4369829,2010-04-09T06:42:15Z
54786032,mutantmonkey,99367,1,4369829,2010-04-09T06:42:30Z
54786132,maxerickson,360392,2,51632170,2017-09-01T03:51:50Z
54786242,maxerickson,360392,2,51632170,2017-09-01T03:51:59Z
54786357,mutantmonkey,99367,1,4369829,2010-04-09T06:43:17Z
54787242,bdiscoe,402624,4,38825715,2016-04-24T04:47:23Z
54787347,mutantmonkey,99367,2,4370079,2010-04-09T07:15:49Z
54787459,mutantmonkey,99367,2,4370079,2010-04-09T07:15:59Z
54787580,maxerickson,360392,3,51659287,2017-09-02T03:18:10Z
54787682,maxerickson,360392,3,51659287,2017-09-02T03:18:19Z
54787816,mutantmonkey,99367,2,4370079,2010-04-09T07:16:26Z
54787937,maxerickson,360392,3,51659287,2017-09-02T03:18:33Z
54788038,maxerickson,360392,3,51659287,2017-09-02T03:18:42Z
54788141,maxerickson,360392,3,51659287,2017-09-02T03:18:49Z
54788247,maxerickson,360392,3,51448861,2017-08-26T03:21:56Z
54788349,maxerickson,360392,3,51448861,2017-08-26T03:21:59Z
54788464,mutantmonkey,99367,2,4370079,2010-04-09T07:17:22Z
54788566,maxerickson,360392,3,51448861,2017-08-26T03:22:12Z
54788667,maxerickson,360392,3,51632549,2017-09-01T04:34:04Z
54788772,maxerickson,360392,3,51632549,2017-09-01T04:34:11Z
54788872,maxerickson,360392,3,51632549,2017-09-01T04:34:22Z
54788973,maxerickson,360392,3,51593362,2017-08-30T20:25:10Z
54789088,mutantmonkey,99367,2,4370079,2010-04-09T07:18:21Z
54789190,maxerickson,360392,3,51659287,2017-09-02T03:19:02Z
54789292,maxerickson,360392,3,51496569,2017-08-28T03:49:59Z
54789400,mutantmonkey,99367,2,4370079,2010-04-09T07:18:52Z
54789509,mutantmonkey,99367,2,4370079,2010-04-09T07:19:02Z
54789610,maxerickson,360392,3,51659287,2017-09-02T03:19:24Z
54789712,maxerickson,360392,3,51593362,2017-08-30T20:25:12Z
54789812,maxerickson,360392,3,51659287,2017-09-02T03:19:31Z
54789932,maxerickson,360392,3,51593362,2017-08-30T20:25:29Z
54790033,mutantmonkey,99367,2,4370079,2010-04-09T07:19:54Z
54790133,maxerickson,360392,3,51674865,2017-09-02T17:09:44Z
54790236,mutantmonkey,99367,2,4370079,2010-04-09T07:20:15Z
54790336,maxerickson,360392,3,51487116,2017-08-27T17:00:21Z
54790440,maxerickson,360392,3,51674865,2017-09-02T17:09:54Z
54790543,bdiscoe,402624,3,38825400,2016-04-24T04:14:09Z
54790670,maxerickson,360392,3,51593362,2017-08-30T20:25:37Z
54790787,maxerickson,360392,2,51593362,2017-08-30T20:25:50Z
54790887,maxerickson,360392,2,51674865,2017-09-02T17:10:16Z
54790988,maxerickson,360392,2,51632549,2017-09-01T04:34:32Z
54791090,maxerickson,360392,2,51632549,2017-09-01T04:34:45Z
54791192,bdiscoe,402624,2,38825400,2016-04-24T04:13:40Z
54792005,bdiscoe,402624,3,38825961,2016-04-24T05:19:05Z
54792123,maxerickson,360392,3,51522789,2017-08-28T21:50:34Z
54792228,mutantmonkey,99367,2,7270071,2011-02-12T22:10:13Z
54792330,mutantmonkey,99367,1,4370079,2010-04-09T07:05:37Z
54792438,mutantmonkey,99367,1,4370079,2010-04-09T07:05:46Z
54792546,maxerickson,360392,2,51729696,2017-09-04T19:47:50Z
54792667,maxerickson,360392,2,51522789,2017-08-28T21:50:38Z
54792774,maxerickson,360392,3,51522789,2017-08-28T21:50:40Z
54792874,maxerickson,360392,2,51729696,2017-09-04T19:48:09Z
54792996,maxerickson,360392,2,51729696,2017-09-04T19:48:23Z
54793101,maxerickson,360392,2,51522789,2017-08-28T21:50:43Z
54793202,maxerickson,360392,2,51706387,2017-09-04T04:14:37Z
54793304,maxerickson,360392,2,51706387,2017-09-04T04:14:49Z
54793409,mutantmonkey,99367,1,4370079,2010-04-09T07:07:20Z
54793512,mutantmonkey,99367,1,4370079,2010-04-09T07:07:31Z
54793613,mutantmonkey,99367,1,4370079,2010-04-09T07:07:42Z
54793714,maxerickson,360392,3,51706387,2017-09-04T04:15:02Z
54877088,cov,111209,2,7844807,2011-04-12T17:43:53Z
54990977,mutantmonkey,99367,2,5429156,2010-08-08T01:10:26Z
55056031,maxerickson,360392,3,51594087,2017-08-30T20:51:22Z
55607878,Dharik,440298,3,7946184,2011-04-23T18:46:59Z
55833501,cov,111209,2,7844807,2011-04-12T17:43:16Z
56237685,Richard,165,2,42137565,2016-09-13T22:43:12Z
56633986,Omnific,1408522,6,35003784,2015-11-01T01:12:12Z
57284465,mutantmonkey,99367,1,4562674,2010-04-30T01:00:22Z
57359668,NE2,207745,2,12705969,2012-08-12T20:02:49Z
57578156,NE2,207745,2,12708411,2012-08-13T00:19:56Z
58199023,maxerickson,360392,5,51699752,2017-09-03T18:37:16Z
58577062,Evanator,451067,5,47606768,2017-04-10T00:47:08Z
58870990,bdiscoe,402624,3,38825400,2016-04-24T04:13:35Z
59149091,bdiscoe,402624,5,38825637,2016-04-24T04:40:39Z
59204620,Ropino,42123,4,27809140,2014-12-30T20:46:04Z
59255116,CynicalDooDad,1505651,7,36692951,2016-01-20T03:40:08Z
60193922,mutantmonkey,99367,1,4800023,2010-05-25T02:21:45Z
66297416,rickmastfan67,252811,1,5149792,2010-07-06T12:25:25Z
71371059,mutantmonkey,99367,1,5429408,2010-08-08T03:29:45Z
72301776,cov,111209,2,7844807,2011-04-12T17:44:00Z
75033590,mutantmonkey,99367,1,5621648,2010-08-29T01:35:33Z
75945227,Evanator,451067,5,40148257,2016-06-20T06:00:22Z
78257404,HokiePilot,155066,1,5824578,2010-09-19T21:24:45Z
80192283,mutantmonkey,99367,1,5938954,2010-10-02T19:30:07Z
80270014,dcat,160651,2,45004592,2017-01-08T15:59:15Z
80283007,mutantmonkey,99367,1,5947488,2010-10-03T19:02:36Z
80285211,mutantmonkey,99367,1,5947768,2010-10-03T19:27:58Z
81050346,Omnific,1408522,5,36544692,2016-01-13T08:34:59Z
81140125,linuxUser16,1219059,2,17186860,2013-08-02T01:52:52Z
81192162,Kirbert,2077000,3,24275493,2014-07-21T15:13:06Z
81232355,Omnific,1408522,8,35001999,2015-10-31T22:29:53Z
81252622,ZacRyDi,3565118,4,37440079,2016-02-25T16:49:29Z
81268369,ZacRyDi,3565118,4,37440079,2016-02-25T16:49:51Z
81273881,ZacRyDi,3565118,6,37440079,2016-02-25T16:50:11Z
81342283,MikeN,135163,1,6035419,2010-10-14T01:23:51Z
83523556,mutantmonkey,99367,1,6244094,2010-10-31T18:23:37Z
85702224,bot-mode,451693,2,14413688,2012-12-26T15:20:35Z
87362449,NE2,207745,4,9933521,2011-11-24T16:05:56Z
89184163,Walleye2013,3208194,8,44880462,2017-01-03T19:42:43Z
94835974,mutantmonkey,99367,1,6953072,2011-01-12T23:43:19Z
102020883,mutantmonkey,99367,1,7414812,2011-02-27T19:59:26Z
102021173,Cerritus,12919,2,14089167,2012-11-29T17:43:57Z
102021403,mutantmonkey,99367,1,7414812,2011-02-27T20:01:35Z
103570103,Omnific,1408522,5,35160882,2015-11-08T00:22:27Z
106753531,MikeN,135163,14,47581233,2017-04-08T23:22:11Z
108238897,25or6to4,37392,6,24875532,2014-08-20T05:17:54Z
108284605,elkueb,4210803,3,45057623,2017-01-10T18:24:22Z
108400609,maggot27,118021,9,42752987,2016-10-09T12:28:16Z
109881600,mutantmonkey,99367,1,7944618,2011-04-23T15:48:40Z
110348442,Spanholz,2209894,3,46027638,2017-02-12T18:51:08Z
114133186,NE2,207745,1,8199699,2011-05-20T15:33:25Z
119893824,NE2,207745,2,9933521,2011-11-24T16:13:42Z
121041185,user_5359,5359,2,13839635,2012-11-11T21:18:32Z
121144646,Luis36995,1829683,5,33447816,2015-08-19T19:22:04Z
125726292,rickmastfan67,252811,1,8992383,2011-08-12T06:54:40Z
128597110,mutantmonkey,99367,1,9190395,2011-09-02T06:20:38Z
130437791,Evanator,451067,3,11722387,2012-05-28T04:32:17Z
132685095,gcjunge,775666,3,13515700,2012-10-16T08:26:15Z
132686265,mutantmonkey,99367,1,9508488,2011-10-09T04:05:46Z
134473443,oldtopos,169004,2,13119406,2012-09-15T15:35:34Z
138842500,KristenK,1494110,2,17260120,2013-08-07T22:03:16Z
141274142,Kirbert,2077000,2,24014700,2014-07-08T00:11:13Z
142227200,mutantmonkey,99367,1,10168937,2011-12-21T05:51:57Z
143346750,bot-mode,451693,2,14420136,2012-12-27T00:44:11Z
145218265,calfarome,2511706,2,32636661,2015-07-14T19:51:37Z
148395208,iandees,4732,4,24641787,2014-08-09T20:29:53Z
148773692,mutantmonkey,99367,1,10590266,2012-02-05T03:34:14Z
150870082,mutantmonkey,99367,1,10717124,2012-02-18T06:03:10Z
151081736,dcat,160651,1,10731171,2012-02-19T15:26:45Z
154078229,dcat,160651,1,10915570,2012-03-09T01:53:25Z
158278927,mutantmonkey,99367,1,11207089,2012-04-06T21:01:51Z
160648536,JR VanOoteghem,170912,1,11387105,2012-04-22T17:57:39Z
161573055,techlady,104962,5,22779633,2014-06-06T17:34:48Z
165090995,Evanator,451067,1,11710931,2012-05-26T22:00:56Z
166679720,rickmastfan67,252811,1,11841944,2012-06-09T07:22:03Z
168661983,Minh Nguyen,33757,3,41995844,2016-09-08T07:16:32Z
168753131,NE2,207745,1,11991934,2012-06-23T18:25:27Z
168938497,Pnrrth,1012362,4,28596633,2015-02-03T19:30:15Z
173155133,Rub21,510836,3,15354113,2013-03-13T17:14:52Z
174122622,wvdp,436419,2,20705734,2014-02-22T01:35:10Z
175819254,elkueb,4210803,3,47794060,2017-04-14T19:52:33Z
180210509,Omnific,1408522,7,35162744,2015-11-08T04:56:42Z
181310890,mutantmonkey,99367,1,13132342,2012-09-16T16:00:05Z
183133298,maxerickson,360392,2,51598382,2017-08-31T01:44:11Z
188676871,bot-mode,451693,2,15809904,2013-04-21T12:08:05Z
190045799,Pnrrth,1012362,2,36839675,2016-01-27T15:54:12Z
191979188,bot-mode,451693,2,15826229,2013-04-22T16:18:45Z
192619999,CyrusDreams,45439,1,14027292,2012-11-25T12:05:31Z
194733415,ToeBee,262151,1,14171872,2012-12-06T07:06:04Z
206772543,Pnrrth,1012362,2,28165557,2015-01-15T15:29:18Z
209112059,California Bear,28923,1,15309212,2013-03-09T23:48:43Z
209673214,RichRico,2219338,2,33448693,2015-08-19T19:56:35Z
209840576,Rub21,510836,2,15355654,2013-03-13T19:54:34Z
209877895,Omnific,1408522,2,46484488,2017-03-01T04:34:42Z
209937489,dcat,160651,1,15358185,2013-03-14T02:13:05Z
210026093,Rub21,510836,1,15363462,2013-03-14T15:05:51Z
210040401,Nate_Wessel,1108251,3,22585132,2014-05-27T16:58:21Z
213881706,mdroads,193314,1,15541491,2013-03-29T17:27:49Z
216879964,ametry,1752163,3,22610913,2014-05-29T02:14:49Z
220733063,81firearms,3783613,4,41419663,2016-08-12T22:02:55Z
220793046,egore911,8764,1,16071632,2013-05-10T21:03:39Z
220817817,Natfoot,567792,2,26584067,2014-11-06T01:42:55Z
220948308,egore911,8764,1,16086353,2013-05-11T20:59:20Z
220955222,egore911,8764,1,16087068,2013-05-11T21:48:37Z
221032539,egore911,8764,1,16093768,2013-05-12T11:14:02Z
221052626,egore911,8764,1,16095737,2013-05-12T13:44:28Z
221126686,egore911,8764,1,16103081,2013-05-12T21:17:25Z
221245991,egore911,8764,1,16116414,2013-05-13T20:15:55Z
221688890,bugjar,189788,1,16161799,2013-05-17T04:47:22Z
225996273,Ron Perrone,1534670,1,16581875,2013-06-16T21:02:21Z
226153555,maxerickson,360392,3,44913804,2017-01-05T01:49:41Z
226329682,Ron Perrone,1534670,1,16611664,2013-06-19T03:07:36Z
227260625,linuxUser16,1219059,1,16693518,2013-06-25T04:14:44Z
230571943,IanH,306962,9,49353330,2017-06-08T03:26:14Z
232087854,linuxUser16,1219059,1,17186860,2013-08-02T01:52:39Z
236292213,Spanholz,2209894,4,45097413,2017-01-12T08:08:09Z
241206968,AndrewSnow,371121,1,18259244,2013-10-09T06:51:44Z
243086448,wegavision,564585,1,18490849,2013-10-22T18:39:42Z
246550527,ruph,88337,2,18944731,2013-11-16T23:27:19Z
248607063,AndrewSnow,371121,1,19137625,2013-11-27T02:12:48Z
255114026,Marioluigi64,1865236,1,19795662,2014-01-03T21:26:16Z
255317478,Omnific,1408522,1,19813862,2014-01-04T22:03:02Z
255350799,Omnific,1408522,1,19816806,2014-01-05T03:07:01Z
255972643,gkerns,1873674,3,19959010,2014-01-12T19:22:20Z
256327114,gkerns,1873674,1,19955636,2014-01-12T16:40:25Z
256353726,gkerns,1873674,1,19959457,2014-01-12T19:43:07Z
256609231,gkerns,1873674,1,19997544,2014-01-14T18:56:00Z
256638050,Omnific,1408522,1,20002637,2014-01-14T22:35:22Z
256791258,elkueb,4210803,2,44969501,2017-01-06T23:10:19Z
256800096,Omnific,1408522,1,20027840,2014-01-16T05:48:43Z
256804815,Omnific,1408522,1,20028787,2014-01-16T07:36:12Z
256889760,Omnific,1408522,1,20039771,2014-01-16T19:44:49Z
257042480,Nate_Wessel,1108251,1,20060731,2014-01-18T02:31:36Z
257588284,Omnific,1408522,1,20118051,2014-01-21T07:51:33Z
257675105,Omnific,1408522,1,20129006,2014-01-21T19:57:33Z
257686807,Omnific,1408522,1,20130748,2014-01-21T21:36:00Z
257695749,Omnific,1408522,1,20131633,2014-01-21T22:29:29Z
257708772,Omnific,1408522,1,20133188,2014-01-22T00:27:43Z
257713900,Omnific,1408522,1,20134437,2014-01-22T02:36:39Z
257731698,Omnific,1408522,1,20136852,2014-01-22T08:03:46Z
258038170,Omnific,1408522,1,20170862,2014-01-24T03:21:14Z
258056574,Omnific,1408522,1,20172211,2014-01-24T07:00:00Z
258360062,calfarome,2511706,2,39076076,2016-05-03T19:06:08Z
258374022,Omnific,1408522,1,20201056,2014-01-25T21:41:40Z
258393566,Omnific,1408522,1,20202565,2014-01-25T23:24:04Z
258411496,karitotp,2748195,2,39082595,2016-05-03T21:29:58Z
258414124,Omnific,1408522,1,20204224,2014-01-26T03:34:08Z
258422449,Minh Nguyen,33757,2,41586099,2016-08-21T03:41:11Z
258429589,Omnific,1408522,1,20205415,2014-01-26T07:31:23Z
258550051,Omnific,1408522,2,45834113,2017-02-05T16:56:20Z
258561045,Omnific,1408522,1,20217928,2014-01-26T20:50:41Z
258581718,Omnific,1408522,1,20220569,2014-01-26T23:40:02Z
258795574,greggerm,567139,1,20251710,2014-01-28T18:38:08Z
259530988,SteveK,139465,1,20332696,2014-02-02T12:07:43Z
261331591,AndrewSnow,371121,1,20535105,2014-02-13T05:27:14Z
262627899,Omnific,1408522,1,20687654,2014-02-21T06:25:55Z
262978485,Omnific,1408522,1,20727718,2014-02-23T08:07:11Z
263095756,Omnific,1408522,1,20737986,2014-02-23T19:01:08Z
263128537,Omnific,1408522,1,20740389,2014-02-23T20:58:58Z
263138164,Omnific,1408522,1,20742243,2014-02-23T22:43:03Z
263776958,Theodin,1219875,1,20823594,2014-02-28T09:28:02Z
264040687,AndrewSnow,371121,1,20858142,2014-03-02T03:47:27Z
267427756,hno2,310589,1,21211318,2014-03-20T15:02:01Z
269697039,Omnific,1408522,1,21353976,2014-03-27T21:48:02Z
271151648,Spanholz,2209894,5,45028195,2017-01-09T15:07:59Z
277290065,Pnrrth,1012362,2,36788853,2016-01-25T05:14:40Z
278470011,Maskulinum,618377,1,22058403,2014-05-01T07:17:38Z
280706077,egore911,8764,1,22246558,2014-05-10T09:46:11Z
282627695,Johnny Mapperseed,1723055,1,22400075,2014-05-18T04:46:34Z
285854333,Omnific,1408522,1,22686876,2014-06-02T06:01:21Z
286880630,Theodin,1219875,1,22808521,2014-06-08T12:11:25Z
286939671,Mrs_C,4796196,2,43258795,2016-10-29T02:06:59Z
288196936,Omnific,1408522,3,46484488,2017-03-01T04:34:36Z
289000292,Kirbert,2077000,1,23055188,2014-06-21T03:16:28Z
289406980,Rlubitz,1559629,1,23105358,2014-06-23T16:36:43Z
290986877,Kirbert,2077000,1,23673875,2014-07-02T22:02:40Z
292459693,Kirbert,2077000,1,24106005,2014-07-12T18:09:17Z
293731906,abel801,2377377,2,33426556,2015-08-18T21:03:10Z
296223019,Timothy Smith,115918,1,24579142,2014-08-06T16:29:40Z
299335559,maxerickson,360392,1,24916367,2014-08-21T18:47:12Z
299575110,maxerickson,360392,1,24943348,2014-08-22T21:27:45Z
299706063,maxerickson,360392,1,24961541,2014-08-23T18:04:36Z
299743533,maxerickson,360392,1,24966113,2014-08-23T21:48:00Z
299785215,maxerickson,360392,1,24969627,2014-08-24T05:31:35Z
300384207,Omnific,1408522,2,35180740,2015-11-08T22:52:23Z
304588232,jgruca,2252860,1,25612512,2014-09-22T20:41:55Z
309275287,ediyes,1240849,1,26284846,2014-10-23T18:30:45Z
310741763,Walleye2013,3208194,2,44519542,2016-12-19T16:14:16Z
311350594,PHerison,28378,2,39265948,2016-05-12T12:31:22Z
312155822,Omnific,1408522,1,26701827,2014-11-11T01:33:36Z
312529266,Natfoot,567792,1,26747708,2014-11-13T01:38:04Z
312687703,vorpalblade77,2078753,2,26768722,2014-11-14T01:25:03Z
314375484,Minh Nguyen,33757,1,27016632,2014-11-25T08:58:34Z
315639119,RichRico,2219338,1,27204877,2014-12-03T17:28:22Z
315678474,ingalls,305985,1,27209596,2014-12-03T21:53:05Z
315678574,ingalls,305985,1,27209596,2014-12-03T21:53:09Z
315678688,ingalls,305985,1,27209596,2014-12-03T21:53:16Z
315678788,ingalls,305985,1,27209596,2014-12-03T21:53:21Z
315678891,ingalls,305985,1,27209596,2014-12-03T21:53:26Z
315678999,ingalls,305985,1,27209596,2014-12-03T21:53:30Z
315679099,ingalls,305985,1,27209596,2014-12-03T21:53:35Z
316153799,elkueb,4210803,3,44986999,2017-01-07T19:50:53Z
316734750,SimonPoole,92387,1,27388454,2014-12-10T23:10:51Z
318129499,Pnrrth,1012362,2,36802626,2016-01-25T19:23:35Z
319735841,aarp65,665694,1,27826298,2014-12-31T16:16:17Z
319753530,aarp65,665694,1,27827895,2014-12-31T17:29:23Z
319939473,Omnific,1408522,1,27849430,2015-01-01T21:18:32Z
319939600,Omnific,1408522,1,27849430,2015-01-01T21:18:36Z
320472734,Minh Nguyen,33757,1,27925939,2015-01-05T05:58:48Z
320611810,elkueb,4210803,2,45476591,2017-01-25T13:56:32Z
320613781,Omnific,1408522,1,27947775,2015-01-06T05:00:35Z
321776043,Omnific,1408522,1,28104915,2015-01-13T08:02:04Z
321776143,Omnific,1408522,1,28104915,2015-01-13T08:02:08Z
321776245,Omnific,1408522,1,28104915,2015-01-13T08:02:13Z
321852847,Omnific,1408522,1,28117092,2015-01-13T17:31:26Z
321852989,Omnific,1408522,1,28117092,2015-01-13T17:31:34Z
321853118,Omnific,1408522,1,28117092,2015-01-13T17:31:39Z
321853257,Omnific,1408522,1,28117092,2015-01-13T17:31:44Z
321862301,Omnific,1408522,1,28117865,2015-01-13T17:59:45Z
323672050,calfarome,2511706,1,28331666,2015-01-22T17:12:06Z
324800131,dannykath,2226712,1,28445926,2015-01-27T16:33:17Z
325437997,dannykath,2226712,1,28507051,2015-01-30T15:46:11Z
326315968,Omnific,1408522,1,28603205,2015-02-04T03:09:39Z
326325143,Pudu,1742934,1,28605193,2015-02-04T07:24:52Z
327686989,calfarome,2511706,1,28786147,2015-02-11T23:39:25Z
327805725,calfarome,2511706,1,28800927,2015-02-12T17:47:54Z
329596457,AndrewSnow,371121,1,29012731,2015-02-22T02:27:30Z
329821799,Minh Nguyen,33757,1,29039171,2015-02-23T08:52:16Z
331328155,AndrewSnow,371121,1,29258552,2015-03-05T04:52:22Z
331465856,AndrewSnow,371121,1,29280531,2015-03-06T01:45:08Z
332078664,AndrewSnow,371121,1,29375652,2015-03-10T02:31:23Z
332360011,AndrewSnow,371121,1,29418509,2015-03-12T03:40:56Z
334099976,Omnific,1408522,1,29646362,2015-03-21T23:08:42Z
334100195,Omnific,1408522,1,29646362,2015-03-21T23:08:55Z
334104509,Omnific,1408522,6,37359708,2016-02-22T06:25:51Z
334108505,Omnific,1408522,1,29647403,2015-03-22T00:57:23Z
334320182,abel801,2377377,1,29679847,2015-03-23T14:15:48Z
334624666,Omnific,1408522,1,29717993,2015-03-25T01:11:27Z
334626887,Omnific,1408522,1,29718390,2015-03-25T01:58:44Z
334627788,Omnific,1408522,2,30177442,2015-04-13T02:28:53Z
334628704,Omnific,1408522,1,29718677,2015-03-25T02:41:53Z
334629968,Omnific,1408522,2,30177281,2015-04-13T02:07:32Z
334631447,Omnific,1408522,1,29719229,2015-03-25T04:02:56Z
334634300,Omnific,1408522,1,29719837,2015-03-25T05:31:40Z
334634402,Omnific,1408522,1,29719837,2015-03-25T05:31:46Z
334634503,Omnific,1408522,1,29719837,2015-03-25T05:31:52Z
334634606,Omnific,1408522,1,29719837,2015-03-25T05:31:57Z
334640644,Omnific,1408522,1,29720009,2015-03-25T05:59:42Z
334779421,Omnific,1408522,1,29741621,2015-03-25T23:36:44Z
334779543,Omnific,1408522,1,29741621,2015-03-25T23:36:50Z
334869702,Omnific,1408522,1,29757219,2015-03-26T16:07:27Z
335700387,Omnific,1408522,1,29867602,2015-03-31T04:40:36Z
335701362,Omnific,1408522,1,29867807,2015-03-31T05:12:42Z
335701832,Omnific,1408522,1,29867871,2015-03-31T05:22:00Z
335703390,Omnific,1408522,1,29867916,2015-03-31T05:29:08Z
335704334,Omnific,1408522,1,29868052,2015-03-31T05:44:59Z
335704434,Omnific,1408522,1,29868052,2015-03-31T05:45:04Z
335705397,Omnific,1408522,1,29868234,2015-03-31T06:04:33Z
335757872,Omnific,1408522,1,29878977,2015-03-31T15:01:16Z
335762488,Omnific,1408522,1,29879891,2015-03-31T15:31:26Z
335762592,Omnific,1408522,1,29879891,2015-03-31T15:31:31Z
335762694,Omnific,1408522,1,29879891,2015-03-31T15:31:37Z
335766743,Omnific,1408522,1,29880677,2015-03-31T16:00:33Z
335766851,Omnific,1408522,1,29880677,2015-03-31T16:00:39Z
335767897,Omnific,1408522,1,29880891,2015-03-31T16:07:48Z
335772312,Omnific,1408522,1,29882067,2015-03-31T16:48:31Z
335772412,Omnific,1408522,1,29882067,2015-03-31T16:48:38Z
335772512,Omnific,1408522,1,29882067,2015-03-31T16:48:44Z
335772613,Omnific,1408522,1,29882067,2015-03-31T16:48:50Z
335776700,Omnific,1408522,1,29882747,2015-03-31T17:15:56Z
335776838,Omnific,1408522,1,29882747,2015-03-31T17:16:01Z
335776966,Omnific,1408522,1,29882747,2015-03-31T17:16:06Z
335779118,Omnific,1408522,1,29883201,2015-03-31T17:30:49Z
335814369,Omnific,1408522,1,29889696,2015-03-31T20:12:36Z
335814492,Omnific,1408522,1,29889696,2015-03-31T20:12:41Z
335817092,Omnific,1408522,1,29890178,2015-03-31T20:28:10Z
335823995,Omnific,1408522,1,29891560,2015-03-31T21:20:53Z
335824132,Omnific,1408522,1,29891560,2015-03-31T21:21:01Z
335824232,Omnific,1408522,1,29891560,2015-03-31T21:21:08Z
335824388,Omnific,1408522,1,29891560,2015-03-31T21:21:14Z
335850827,Omnific,1408522,1,29896213,2015-04-01T04:41:01Z
335850931,Omnific,1408522,1,29896213,2015-04-01T04:41:06Z
335851887,Omnific,1408522,1,29896471,2015-04-01T05:05:58Z
335852362,Omnific,1408522,1,29896592,2015-04-01T05:21:44Z
336013229,Omnific,1408522,1,29918653,2015-04-02T01:36:32Z
336013329,Omnific,1408522,1,29918653,2015-04-02T01:36:37Z
336013432,Omnific,1408522,1,29918653,2015-04-02T01:36:43Z
336013534,Omnific,1408522,1,29918653,2015-04-02T01:36:49Z
336014238,Omnific,1408522,1,29918808,2015-04-02T02:05:32Z
336014338,Omnific,1408522,1,29918808,2015-04-02T02:05:37Z
336015864,Omnific,1408522,1,29919025,2015-04-02T02:40:38Z
336021635,Omnific,1408522,1,29919711,2015-04-02T04:38:45Z
336022985,Omnific,1408522,1,29919793,2015-04-02T04:54:10Z
336160866,Omnific,1408522,1,29941944,2015-04-03T01:55:29Z
336160996,Omnific,1408522,1,29941944,2015-04-03T01:55:33Z
336162000,Omnific,1408522,1,29942113,2015-04-03T02:28:10Z
336168352,Omnific,1408522,1,29942410,2015-04-03T03:12:53Z
336168479,Omnific,1408522,1,29942410,2015-04-03T03:12:58Z
336178241,Omnific,1408522,1,29942773,2015-04-03T03:50:01Z
336178357,Omnific,1408522,1,29942773,2015-04-03T03:50:06Z
336178471,Omnific,1408522,1,29942773,2015-04-03T03:50:11Z
336185407,Omnific,1408522,1,29942938,2015-04-03T04:13:18Z
336185538,Omnific,1408522,1,29942938,2015-04-03T04:13:23Z
336194421,Omnific,1408522,1,29943190,2015-04-03T04:47:01Z
337159539,PlaneMad,1306,1,30035765,2015-04-07T10:29:19Z
337911182,AndrewSnow,371121,1,30134244,2015-04-11T03:10:10Z
338355310,Omnific,1408522,1,30193221,2015-04-13T17:09:39Z
338355433,Omnific,1408522,1,30193221,2015-04-13T17:09:47Z
338390490,Omnific,1408522,1,30198715,2015-04-13T20:57:42Z
338390689,maxerickson,360392,2,46201449,2017-02-18T20:31:41Z
338390891,Omnific,1408522,1,30198715,2015-04-13T20:57:54Z
339783159,Minh Nguyen,33757,2,41995844,2016-09-08T07:16:40Z
340747157,Omnific,1408522,1,30519551,2015-04-26T21:59:02Z
343578478,Omnific,1408522,1,30889947,2015-05-08T02:16:08Z
343578695,Omnific,1408522,1,30889947,2015-05-08T02:16:14Z
343974424,Omnific,1408522,1,30947052,2015-05-09T20:18:50Z
343974525,Omnific,1408522,1,30947052,2015-05-09T20:18:57Z
343974635,elkueb,4210803,3,45476591,2017-01-25T13:56:36Z
343974741,Omnific,1408522,1,30947052,2015-05-09T20:19:11Z
343974876,Omnific,1408522,1,30947052,2015-05-09T20:19:17Z
344761344,Omnific,1408522,1,31107233,2015-05-13T15:55:08Z
344761445,Omnific,1408522,1,31107233,2015-05-13T15:55:15Z
344761547,Omnific,1408522,1,31107233,2015-05-13T15:55:21Z
346571416,RichRico,2219338,1,31315865,2015-05-20T14:12:45Z
349297681,dannykath,2226712,1,31514827,2015-05-27T20:20:18Z
349903547,Omnific,1408522,1,31571478,2015-05-29T20:18:42Z
349903728,Omnific,1408522,1,31571478,2015-05-29T20:18:53Z
349903875,Omnific,1408522,1,31571478,2015-05-29T20:19:03Z
349903988,Omnific,1408522,1,31571478,2015-05-29T20:19:10Z
351504285,karitotp,2748195,1,31729782,2015-06-04T20:01:54Z
353280669,ediyes,1240849,1,31930958,2015-06-12T20:19:29Z
357511075,RichRico,2219338,1,32312481,2015-06-30T16:15:28Z
358952732,samely,2512300,1,32456138,2015-07-06T19:04:09Z
359642840,RichRico,2219338,1,32527534,2015-07-09T19:18:22Z
362414813,maxerickson,360392,1,32891169,2015-07-26T15:19:02Z
362783442,maxerickson,360392,1,32933253,2015-07-28T14:07:26Z
366333122,Omnific,1408522,4,36493886,2016-01-10T23:30:05Z
366343166,ediyes,1240849,1,33419979,2015-08-18T16:46:41Z
366379966,calfarome,2511706,1,33425371,2015-08-18T20:11:58Z
366386279,abel801,2377377,1,33426556,2015-08-18T21:03:07Z
366505077,calfarome,2511706,1,33441261,2015-08-19T14:35:46Z
366515244,abel801,2377377,1,33442601,2015-08-19T15:33:19Z
366529222,dannykath,2226712,1,33445151,2015-08-19T17:18:10Z
366542810,Luis36995,1829683,1,33447524,2015-08-19T19:10:04Z
366565827,ediyes,1240849,2,33450136,2015-08-19T20:59:57Z
366835176,karitotp,2748195,1,33485428,2015-08-21T14:52:00Z
366848149,RichRico,2219338,1,33488258,2015-08-21T16:57:44Z
367264582,abel801,2377377,1,33548590,2015-08-24T14:38:43Z
367320812,Luis36995,1829683,1,33556816,2015-08-24T20:15:31Z
367333187,calfarome,2511706,1,33558217,2015-08-24T21:12:58Z
367443013,calfarome,2511706,1,33571302,2015-08-25T13:32:04Z
370664086,Evanator,451067,1,34032139,2015-09-15T01:50:29Z
371830093,mdroads,193314,1,34173979,2015-09-22T01:24:09Z
371838141,mdroads,193314,1,34174422,2015-09-22T02:58:17Z
372517146,mdroads,193314,1,34271384,2015-09-26T20:12:48Z
372524933,mdroads,193314,1,34272391,2015-09-26T21:25:32Z
372527893,mdroads,193314,1,34272842,2015-09-26T22:06:27Z
372534543,mdroads,193314,1,34273736,2015-09-27T00:00:14Z
373248001,DLichti,161951,1,34372524,2015-10-01T16:54:56Z
374198812,Omnific,1408522,1,34482210,2015-10-07T02:17:15Z
374511045,Omnific,1408522,1,34521697,2015-10-09T02:38:57Z
374511534,Omnific,1408522,1,34521759,2015-10-09T02:53:55Z
374625403,Omnific,1408522,1,34539959,2015-10-09T21:58:56Z
374724858,Omnific,1408522,1,34553376,2015-10-10T16:53:17Z
375326425,Omnific,1408522,1,34645385,2015-10-15T02:24:32Z
375749891,elkueb,4210803,2,44968320,2017-01-06T22:15:27Z
375878854,Omnific,1408522,1,34722916,2015-10-19T01:27:35Z
376024143,Omnific,1408522,1,34746749,2015-10-20T02:16:12Z
376025371,Omnific,1408522,1,34746941,2015-10-20T02:52:24Z
376318804,Omnific,1408522,1,34790836,2015-10-22T02:08:59Z
376706669,Omnific,1408522,1,34844425,2015-10-24T16:47:53Z
376706771,Omnific,1408522,1,34844425,2015-10-24T16:48:00Z
376706888,Omnific,1408522,1,34844425,2015-10-24T16:48:05Z
376709487,Omnific,1408522,1,34844649,2015-10-24T16:59:57Z
376711354,Omnific,1408522,1,34844867,2015-10-24T17:11:52Z
376844850,Omnific,1408522,1,34862241,2015-10-25T15:59:35Z
376917565,Omnific,1408522,1,34871278,2015-10-26T01:08:50Z
377421735,Omnific,1408522,1,34941615,2015-10-29T06:11:49Z
377421835,Omnific,1408522,1,34941615,2015-10-29T06:11:54Z
377421935,Omnific,1408522,1,34941615,2015-10-29T06:11:59Z
377423623,Omnific,1408522,1,34941964,2015-10-29T06:39:05Z
377423723,Omnific,1408522,1,34941964,2015-10-29T06:39:11Z
377423823,Omnific,1408522,1,34941964,2015-10-29T06:39:17Z
377427731,Omnific,1408522,1,34942531,2015-10-29T07:27:25Z
377561695,Omnific,1408522,1,34963388,2015-10-30T02:09:22Z
377685914,Omnific,1408522,1,34984425,2015-10-31T02:51:22Z
377699597,Omnific,1408522,1,34986699,2015-10-31T07:39:29Z
377699697,Omnific,1408522,1,34986699,2015-10-31T07:39:35Z
377699827,Omnific,1408522,1,34986699,2015-10-31T07:39:41Z
377805115,Omnific,1408522,1,35003665,2015-11-01T00:53:13Z
378090507,Omnific,1408522,1,35049191,2015-11-03T06:24:36Z
379029301,Omnific,1408522,1,35161619,2015-11-08T02:19:50Z
379029431,Omnific,1408522,1,35161619,2015-11-08T02:19:58Z
379036660,Omnific,1408522,1,35162744,2015-11-08T04:56:28Z
379036764,Omnific,1408522,1,35162744,2015-11-08T04:56:35Z
379038097,GerdP,533465,2,36166770,2015-12-25T21:57:36Z
379157466,Omnific,1408522,1,35176418,2015-11-08T19:09:49Z
379161395,Omnific,1408522,1,35176734,2015-11-08T19:23:10Z
379179098,Omnific,1408522,1,35177787,2015-11-08T20:07:11Z
379187737,Omnific,1408522,1,35178283,2015-11-08T20:28:38Z
379196602,Omnific,1408522,1,35178631,2015-11-08T20:43:01Z
379209288,Omnific,1408522,1,35179212,2015-11-08T21:12:59Z
379209402,Omnific,1408522,1,35179212,2015-11-08T21:13:06Z
379224020,Omnific,1408522,1,35180018,2015-11-08T21:59:47Z
379229390,Omnific,1408522,1,35180740,2015-11-08T22:52:13Z
379487738,Omnific,1408522,1,35205969,2015-11-10T01:38:04Z
379513702,Omnific,1408522,1,35209344,2015-11-10T08:24:44Z
379513803,Omnific,1408522,1,35209344,2015-11-10T08:24:50Z
379682192,Omnific,1408522,1,35229703,2015-11-11T00:37:52Z
379682294,Omnific,1408522,1,35229703,2015-11-11T00:37:59Z
379682394,Omnific,1408522,1,35229703,2015-11-11T00:38:05Z
379682495,Omnific,1408522,1,35229703,2015-11-11T00:38:10Z
379682595,Omnific,1408522,1,35229703,2015-11-11T00:38:16Z
379682698,Omnific,1408522,1,35229703,2015-11-11T00:38:22Z
379682798,Omnific,1408522,1,35229703,2015-11-11T00:38:29Z
379682899,Omnific,1408522,1,35229703,2015-11-11T00:38:36Z
379682999,Omnific,1408522,1,35229703,2015-11-11T00:38:42Z
379684187,Omnific,1408522,1,35230121,2015-11-11T01:13:22Z
379685552,Omnific,1408522,1,35230423,2015-11-11T01:39:53Z
379689282,Omnific,1408522,1,35231169,2015-11-11T03:09:59Z
380185593,Omnific,1408522,1,35299269,2015-11-14T03:15:30Z
380185693,Omnific,1408522,1,35299269,2015-11-14T03:15:36Z
380336004,MikeN,135163,1,35321084,2015-11-15T03:25:51Z
380919851,Omnific,1408522,1,35396496,2015-11-18T06:44:16Z
380924217,Omnific,1408522,1,35397540,2015-11-18T07:42:22Z
381412961,Omnific,1408522,2,36493854,2016-01-10T23:25:45Z
381413888,Omnific,1408522,1,35453792,2015-11-20T04:15:52Z
381431400,Omnific,1408522,1,35456038,2015-11-20T08:26:09Z
381668934,Omnific,1408522,1,35479275,2015-11-21T02:19:48Z
381669034,Omnific,1408522,1,35479275,2015-11-21T02:19:53Z
381669134,Omnific,1408522,1,35479275,2015-11-21T02:19:59Z
381672823,Omnific,1408522,1,35479418,2015-11-21T03:16:02Z
381683362,Omnific,1408522,1,35480772,2015-11-21T06:39:14Z
381683462,Omnific,1408522,1,35480772,2015-11-21T06:39:19Z
381683563,Omnific,1408522,1,35480772,2015-11-21T06:39:24Z
381683663,Omnific,1408522,1,35480772,2015-11-21T06:39:31Z
381685648,Omnific,1408522,1,35481055,2015-11-21T07:16:00Z
381873427,Omnific,1408522,1,35501142,2015-11-22T03:36:25Z
383920679,bdiscoe,402624,4,38825400,2016-04-24T04:12:50Z
388928437,WVangler,2557227,1,36287921,2015-12-31T18:27:02Z
390953878,Omnific,1408522,1,36522048,2016-01-12T08:37:11Z
390953985,Omnific,1408522,1,36522048,2016-01-12T08:37:17Z
390954085,Omnific,1408522,1,36522048,2016-01-12T08:37:22Z
390954189,Omnific,1408522,1,36522048,2016-01-12T08:37:29Z
391122999,Omnific,1408522,1,36542313,2016-01-13T03:20:36Z
391124874,Omnific,1408522,1,36542500,2016-01-13T03:48:53Z
391124974,Omnific,1408522,1,36542500,2016-01-13T03:48:58Z
391127515,Omnific,1408522,1,36542813,2016-01-13T04:44:11Z
391140552,Omnific,1408522,1,36544413,2016-01-13T08:15:42Z
391140660,Omnific,1408522,1,36544413,2016-01-13T08:15:51Z
391142168,Omnific,1408522,1,36544692,2016-01-13T08:34:59Z
392029335,Omnific,1408522,1,36650302,2016-01-18T07:47:06Z
392029447,Omnific,1408522,1,36650302,2016-01-18T07:47:12Z
392029552,Omnific,1408522,1,36650302,2016-01-18T07:47:18Z
392032986,Omnific,1408522,1,36650630,2016-01-18T08:13:50Z
392190091,Omnific,1408522,1,36671968,2016-01-19T04:04:03Z
392190191,Omnific,1408522,1,36671968,2016-01-19T04:04:09Z
392190291,Omnific,1408522,1,36671968,2016-01-19T04:04:14Z
392190391,Omnific,1408522,1,36671968,2016-01-19T04:04:19Z
392191259,Omnific,1408522,1,36672091,2016-01-19T04:25:59Z
392206066,Omnific,1408522,1,36673531,2016-01-19T07:28:43Z
392380958,Omnific,1408522,1,36692610,2016-01-20T02:11:24Z
392389195,kriscarle,1323363,1,36693647,2016-01-20T05:54:22Z
392535714,Omnific,1408522,1,36712726,2016-01-21T02:18:29Z
392864634,Edward,364,2,52075234,2017-09-15T17:21:36Z
392889589,kriscarle,1323363,1,36752283,2016-01-23T04:55:19Z
393300010,kriscarle,1323363,1,36787897,2016-01-25T02:40:17Z
393922977,Omnific,1408522,1,36829914,2016-01-27T04:10:40Z
393927300,GinesHarrington,3351741,1,36830404,2016-01-27T05:29:36Z
394243260,Omnific,1408522,1,36849217,2016-01-28T02:06:43Z
395477098,AndrewSnow,371121,1,36949773,2016-02-02T03:10:53Z
398091099,Omnific,1408522,1,37238441,2016-02-16T04:35:44Z
399155341,Omnific,1408522,1,37359317,2016-02-22T05:45:22Z
399562893,81firearms,3783613,4,41294796,2016-08-06T22:02:46Z
400446815,ealienhard,3553170,1,37483480,2016-02-27T15:35:17Z
401148064,Omnific,1408522,2,37561141,2016-03-02T08:06:48Z
401148181,Omnific,1408522,1,37560715,2016-03-02T07:36:06Z
401150470,Omnific,1408522,1,37561141,2016-03-02T08:06:47Z
401316709,Omnific,1408522,1,37578038,2016-03-03T02:29:40Z
401316922,Omnific,1408522,1,37578063,2016-03-03T02:34:49Z
401654326,ZacRyDi,3565118,1,37615378,2016-03-04T19:39:30Z
402273144,ZacRyDi,3565118,1,37677490,2016-03-08T00:44:44Z
406326476,ZacRyDi,3565118,1,38132020,2016-03-28T23:38:50Z
407927524,samely,2512300,2,40833529,2016-07-18T19:40:37Z
408472526,81firearms,3783613,2,38435200,2016-04-09T18:54:20Z
409726569,PHerison,28378,1,38493906,2016-04-12T08:33:57Z
413058419,bdiscoe,402624,1,38825961,2016-04-24T05:18:25Z
413749530,81firearms,3783613,2,39669619,2016-05-30T16:36:25Z
415379374,Evanator,451067,1,39084878,2016-05-04T00:02:29Z
418608585,ncoker,3968804,1,39356069,2016-05-16T15:56:56Z
421575268,Evanator,451067,1,39634454,2016-05-29T02:39:18Z
421957898,jbvejle,2509692,1,39682254,2016-05-31T07:39:43Z
424389077,jbvejle,2509692,1,39959495,2016-06-11T19:51:57Z
425182407,jbvejle,2509692,1,40045031,2016-06-15T18:55:48Z
426064513,Evanator,451067,1,40148257,2016-06-20T05:54:35Z
427479026,ceyockey,146680,1,40306590,2016-06-26T19:16:56Z
428659669,AndrewSnow,371121,1,40430224,2016-07-01T23:49:43Z
428953299,ceyockey,146680,1,40462871,2016-07-03T17:35:34Z
429793256,Evanator,451067,1,40559926,2016-07-08T04:40:14Z
430158345,Mrnprabhat,3934069,1,40626921,2016-07-10T09:57:27Z
430885785,Jonah Adkins,1820939,2,40727855,2016-07-14T03:51:42Z
430888646,Jonah Adkins,1820939,1,40727855,2016-07-14T03:51:40Z
430997406,Jonah Adkins,1820939,1,40739192,2016-07-14T13:12:06Z
431106267,Jonah Adkins,1820939,1,40752554,2016-07-15T02:17:15Z
431106591,Jonah Adkins,1820939,1,40752600,2016-07-15T02:30:17Z
431107066,Jonah Adkins,1820939,1,40752692,2016-07-15T02:51:48Z
431108177,Jonah Adkins,1820939,1,40752942,2016-07-15T03:32:03Z
431482153,Jonah Adkins,1820939,1,40790763,2016-07-17T03:06:15Z
431597373,Jonah Adkins,1820939,1,40810193,2016-07-18T04:22:32Z
433140648,Arlas,354343,1,41022033,2016-07-25T20:27:57Z
434694830,Evanator,451067,1,41098737,2016-07-29T04:18:18Z
435971929,81firearms,3783613,1,41289261,2016-08-06T15:29:21Z
435982090,81firearms,3783613,1,41290670,2016-08-06T17:12:42Z
435993185,81firearms,3783613,1,41292041,2016-08-06T18:45:29Z
436326885,81firearms,3783613,1,41336068,2016-08-09T01:36:21Z
436497502,Evanator,451067,1,41359068,2016-08-10T05:09:54Z
437869276,shoe,223484,1,41542041,2016-08-18T19:20:09Z
438213027,Minh Nguyen,33757,1,41584310,2016-08-20T22:53:04Z
438225907,Minh Nguyen,33757,1,41586343,2016-08-21T04:19:18Z
438947490,Milo,168517,2,46740757,2017-03-10T14:50:04Z
439570291,wilsoncd35,156069,3,41766617,2016-08-29T00:07:56Z
440090998,ridixcr,2508151,1,41835333,2016-08-31T20:34:11Z
440142426,Evanator,451067,2,44944800,2017-01-06T06:19:45Z
441099164,Minh Nguyen,33757,1,41970285,2016-09-07T04:19:53Z
441443164,alecdhuse,214103,1,42004834,2016-09-08T14:01:12Z
441580339,Minh Nguyen,33757,1,42019889,2016-09-09T09:33:20Z
444444790,dannykath,2226712,1,42450253,2016-09-26T16:38:59Z
446751292,SathyaPendyala,3618405,1,42766510,2016-10-10T01:28:23Z
446754016,SathyaPendyala,3618405,1,42766913,2016-10-10T02:13:36Z
449628704,wgatens,4783167,1,43208076,2016-10-27T04:23:01Z
450137107,elkueb,4210803,1,43274502,2016-10-29T23:00:04Z
451320735,Spanholz,2209894,1,43398310,2016-11-04T10:34:01Z
453434369,gregcrago,2063187,1,43660178,2016-11-15T03:11:31Z
454947581,bbmiller,451048,1,43856323,2016-11-21T20:38:22Z
457037880,Haggard86,4792681,1,44092010,2016-12-01T17:35:19Z
459400638,Walleye2013,3208194,1,44376572,2016-12-13T16:46:47Z
462447997,maxerickson,360392,1,44745524,2016-12-29T02:17:29Z
463470106,Walleye2013,3208194,2,44880219,2017-01-03T19:33:12Z
463576195,maxerickson,360392,1,44888968,2017-01-04T04:13:44Z
463779047,maxerickson,360392,1,44913804,2017-01-05T01:49:24Z
463960004,maxerickson,360392,1,44937090,2017-01-05T21:44:48Z
464037122,Evanator,451067,1,44944800,2017-01-06T06:19:42Z
464211342,Spanholz,2209894,2,46892607,2017-03-16T09:46:19Z
464427499,elkueb,4210803,1,44988990,2017-01-07T21:33:07Z
464571555,Spanholz,2209894,1,45006393,2017-01-08T17:13:41Z
464845790,Rich1234,5046269,3,52983669,2017-10-16T14:13:54Z
464961977,imrobinson,3671339,1,45055382,2017-01-10T16:39:57Z
464986789,elkueb,4210803,1,45057623,2017-01-10T18:24:14Z
465060318,elkueb,4210803,1,45065666,2017-01-11T00:33:18Z
465282103,Spanholz,2209894,1,45088580,2017-01-11T21:56:22Z
465656712,Spanholz,2209894,1,45137142,2017-01-13T15:52:31Z
466172677,jkutz1,4118943,1,45198034,2017-01-15T19:36:58Z
466467892,jkutz1,4118943,1,45224838,2017-01-16T19:51:55Z
466473139,jkutz1,4118943,1,45225548,2017-01-16T20:15:45Z
466976054,jkutz1,4118943,1,45278540,2017-01-18T19:07:10Z
466982618,jkutz1,4118943,1,45279454,2017-01-18T19:37:59Z
467411473,Spanholz,2209894,1,45322413,2017-01-20T09:35:40Z
468022102,elkueb,4210803,1,45405314,2017-01-23T16:54:49Z
468549271,elkueb,4210803,1,45452651,2017-01-24T22:30:49Z
468736010,elkueb,4210803,1,45475969,2017-01-25T13:37:18Z
469097289,Walleye2013,3208194,1,45518681,2017-01-26T16:17:18Z
471675459,jgalloway,5184472,1,45766398,2017-02-03T03:39:33Z
472377191,25or6to4,37392,1,45836124,2017-02-05T18:16:21Z
473411062,Walleye2013,3208194,1,45926651,2017-02-08T18:49:45Z
473589192,Walleye2013,3208194,1,45948444,2017-02-09T14:21:06Z
473950541,hofoen,52797,1,45993807,2017-02-11T10:06:30Z
474202620,jgalloway,5184472,1,46025655,2017-02-12T17:27:15Z
474401505,GoWestTravel,3478684,1,46050592,2017-02-13T15:29:31Z
475668601,Spanholz,2209894,1,46223159,2017-02-19T18:20:38Z
476542356,Omnific,1408522,1,46330727,2017-02-23T08:55:44Z
477283909,dcat,160651,1,46416502,2017-02-26T14:04:36Z
477803588,Omnific,1408522,1,46484488,2017-03-01T04:33:48Z
477931703,hofoen,52797,1,46502562,2017-03-01T19:24:43Z
478087244,samely,2512300,1,46523509,2017-03-02T14:20:18Z
478287390,cartasaurus,3673755,1,46550728,2017-03-03T15:00:33Z
478297870,cartasaurus,3673755,1,46552205,2017-03-03T16:16:13Z
478307112,cartasaurus,3673755,1,46553365,2017-03-03T17:07:23Z
478316818,cartasaurus,3673755,1,46554957,2017-03-03T18:17:06Z
478342168,cartasaurus,3673755,1,46558781,2017-03-03T20:56:19Z
478342271,cartasaurus,3673755,1,46558781,2017-03-03T20:56:23Z
478698775,Peter14,13832,1,46605285,2017-03-05T20:09:05Z
479075565,Spanholz,2209894,1,46655473,2017-03-07T15:49:50Z
479760697,Nate_M,5463022,1,46744869,2017-03-10T17:52:59Z
479965995,Nate_M,5463022,1,46774870,2017-03-11T23:40:28Z
479967822,Omnific,1408522,1,46775093,2017-03-12T00:05:12Z
480676880,elkueb,4210803,1,46873802,2017-03-15T16:24:18Z
480815495,Spanholz,2209894,1,46892961,2017-03-16T10:01:52Z
481591502,Matt Buchwald,5452037,1,47012903,2017-03-20T13:32:43Z
481858257,Sneas,1259449,1,47049477,2017-03-21T19:49:12Z
482239985,Matt Buchwald,5452037,1,47096118,2017-03-23T12:43:08Z
482252448,Matt Buchwald,5452037,1,47098161,2017-03-23T14:17:11Z
484153569,homeslice60148,365944,1,47344686,2017-04-01T03:16:50Z
485425009,stangoodman,224610,1,47553480,2017-04-07T21:41:26Z
486181219,MikeN,135163,1,47664802,2017-04-11T17:45:26Z
486954413,Spanholz,2209894,1,47809578,2017-04-15T10:04:21Z
488494941,wolfgang8741,307520,1,48007814,2017-04-21T15:57:01Z
491231800,25or6to4,37392,1,48380859,2017-05-04T03:05:55Z
493960252,Evanator,451067,1,48737579,2017-05-16T17:21:39Z
495251133,asciiphil,247807,1,48894988,2017-05-22T17:30:37Z
495464180,Jonah Adkins,1820939,1,48915978,2017-05-23T12:31:32Z
498960897,Omnific,1408522,2,49785162,2017-06-24T02:05:42Z
501875996,MikeN,135163,1,49681886,2017-06-20T03:03:52Z
504617524,Spanholz,2209894,1,49993720,2017-07-02T20:52:14Z
504895716,Omnific,1408522,1,50020771,2017-07-03T22:52:26Z
506268729,dcat,160651,1,50159267,2017-07-09T18:44:48Z
518410357,rickth,1872566,1,51415744,2017-08-24T19:01:38Z
520126928,maxerickson,360392,1,51594087,2017-08-30T20:50:58Z
520714041,maxerickson,360392,1,51659287,2017-09-02T03:15:27Z
521040285,Rich1234,5046269,1,51695778,2017-09-03T15:37:53Z
521049810,Rich1234,5046269,1,51696963,2017-09-03T16:33:43Z
521072403,maxerickson,360392,1,51699752,2017-09-03T18:37:08Z
521262146,Rich1234,5046269,1,51721826,2017-09-04T14:06:05Z
521351741,maxerickson,360392,1,51729696,2017-09-04T19:46:57Z
525725152,Jack Manon,6638727,1,52158241,2017-09-18T22:06:04Z
527548550,dkiselev,230942,1,52356568,2017-09-25T13:50:18Z
527548653,dkiselev,230942,1,52356568,2017-09-25T13:50:23Z
527943048,dkiselev,230942,1,52396241,2017-09-26T20:02:16Z
527943237,dkiselev,230942,1,52396241,2017-09-26T20:02:22Z
527943362,dkiselev,230942,1,52396241,2017-09-26T20:02:29Z
527943484,dkiselev,230942,1,52396241,2017-09-26T20:02:35Z
532959621,Rich1234,5046269,1,52984486,2017-10-16T14:52:33Z
539190045,Spanholz,2209894,1,53605020,2017-11-08T09:31:20Z
